index,sameArtist
0,0.248295707703
1,0.194075317383
2,0.253568744659
3,0.383738632202
4,0.283828201294
5,0.197459774017
6,0.239415473938
7,0.276727409363
8,0.26163564682
9,0.32714553833
10,0.237861480713
11,0.299279880524
12,0.242456455231
13,0.459005661011
14,0.22227186203
15,0.331756782532
16,0.334523124695
17,0.169669647217
18,0.158265619278
19,0.28003950119
20,0.233102779388
21,0.468226699829
22,0.484406890869
23,0.441420669556
24,0.488347129822
25,0.267568092346
26,0.285870323181
27,0.153142929077
28,0.338892707825
29,0.472068710327
30,0.599370918274
31,0.459796905518
32,0.359710617065
33,0.236151256561
34,0.653681716919
35,0.346110076904
36,0.479069709778
37,0.136357221603
38,0.180052566528
39,0.526338119507
40,0.311091079712
41,0.436344871521
42,0.289719219208
43,0.316260318756
44,0.3442628479
45,0.503501815796
46,0.84543296814
47,0.541841621399
48,0.288984584808
49,0.67953125
50,0.383915863037
51,0.240710849762
52,0.22034784317
53,0.597774772644
54,0.402713699341
55,0.422490577698
56,0.254846992493
57,0.208366165161
58,0.305510864258
59,0.490217399597
60,0.359381904602
61,0.317019195557
62,0.480691223145
63,0.500695495605
64,0.282947025299
65,0.379746704102
66,0.296171092987
67,0.331867332458
68,0.267012062073
69,0.442262878418
70,0.192898101807
71,0.167061767578
72,0.219500179291
73,0.151353721619
74,0.182033500671
75,0.263557033539
76,0.187474861145
77,0.463002166748
78,0.423274459839
79,0.534876937866
80,0.228622436523
81,0.266352367401
82,0.202292537689
83,0.552815818787
84,0.441840934753
85,0.402001724243
86,0.383790435791
87,0.429043807983
88,0.237015991211
89,0.246714229584
90,0.114656629562
91,0.543303184509
92,0.460643424988
93,0.329840965271
94,0.296295986176
95,0.287959117889
96,0.299852428436
97,0.306440048218
98,0.350857429504
99,0.188892555237
100,0.221635684967
101,0.19549949646
102,0.268081054687
103,0.273304367065
104,0.358272132874
105,0.211017227173
106,0.213360347748
107,0.406321258545
108,0.32773475647
109,0.275895442963
110,0.225413417816
111,0.441552581787
112,0.229058589935
113,0.261381702423
114,0.364306182861
115,0.367878189087
116,0.208967666626
117,0.268054580688
118,0.30498260498
119,0.267114925385
120,0.233227806091
121,0.147503938675
122,0.331135406494
123,0.381063117981
124,0.287459125519
125,0.347173652649
126,0.388605804443
127,0.290420055389
128,0.104388647079
129,0.269814052582
130,0.481542015076
131,0.158320741653
132,0.445190048218
133,0.388287239075
134,0.328429336548
135,0.456612129211
136,0.318963909149
137,0.276151123047
138,0.412646255493
139,0.20297826767
140,0.407570915222
141,0.430218467712
142,0.279157981873
143,0.294072093964
144,0.458246879578
145,0.35764377594
146,0.350816307068
147,0.257047138214
148,0.129617109299
149,0.262031402588
150,0.396834869385
151,0.761939163208
152,0.395317115784
153,0.256118526459
154,0.207497844696
155,0.229765510559
156,0.365051612854
157,0.478046646118
158,0.300561580658
159,0.180643997192
160,0.276501903534
161,0.424801635742
162,0.407810173035
163,0.327259063721
164,0.284712791443
165,0.25008731842
166,0.390632133484
167,0.315882492065
168,0.291886405945
169,0.163679122925
170,0.258754806519
171,0.284620037079
172,0.287869377136
173,0.27350774765
174,0.331519470215
175,0.208505039215
176,0.499896507263
177,0.470832290649
178,0.31612247467
179,0.243918304443
180,0.655710906982
181,0.437266731262
182,0.312399158478
183,0.510095291138
184,0.427267074585
185,0.290422954559
186,0.250742855072
187,0.472059059143
188,0.54132106781
189,0.525040512085
190,0.227909622192
191,0.165409488678
192,0.26158657074
193,0.141596374512
194,0.442327575684
195,0.0924006652832
196,0.503401069641
197,0.375633735657
198,0.304179821014
199,0.29226272583
200,0.193455142975
201,0.3134025383
202,0.349243011475
203,0.421738624573
204,0.312742786407
205,0.35773979187
206,0.309122810364
207,0.255288181305
208,0.210965461731
209,0.166156101227
210,0.152877721786
211,0.320002250671
212,0.412071228027
213,0.345486450195
214,0.354585113525
215,0.189263381958
216,0.227223587036
217,0.594323310852
218,0.221424102783
219,0.19017375946
220,0.326304931641
221,0.561171379089
222,0.220684185028
223,0.233017101288
224,0.33642791748
225,0.194962368011
226,0.320074577332
227,0.27362154007
228,0.217806091309
229,0.385238571167
230,0.24812620163
231,0.539530448914
232,0.253083629608
233,0.172535095215
234,0.223610610962
235,0.347574462891
236,0.30736869812
237,0.254955844879
238,0.373988723755
239,0.239478206635
240,0.272958545685
241,0.482017364502
242,0.611073646545
243,0.791585922241
244,0.242243785858
245,0.363772583008
246,0.320680885315
247,0.417631187439
248,0.472353401184
249,0.119898405075
250,0.360839767456
251,0.376356277466
252,0.763798065186
253,0.211671066284
254,0.292134189606
255,0.238824157715
256,0.239461975098
257,0.340208206177
258,0.472687988281
259,0.437947654724
260,0.428673591614
261,0.342256126404
262,0.335411453247
263,0.348588638306
264,0.603130264282
265,0.485314903259
266,0.218377914429
267,0.364875106812
268,0.546917572021
269,0.267795009613
270,0.779092559814
271,0.41969669342
272,0.197428131104
273,0.302313404083
274,0.303795681
275,0.24217748642
276,0.173866977692
277,0.0943249607086
278,0.211197242737
279,0.708551177979
280,0.421176757813
281,0.327807922363
282,0.099453163147
283,0.335650367737
284,0.211192569733
285,0.325174217224
286,0.262722854614
287,0.233154201508
288,0.340020370483
289,0.151616697311
290,0.436804542542
291,0.227286262512
292,0.38612411499
293,0.185862789154
294,0.502426986694
295,0.310827484131
296,0.373896522522
297,0.209346942902
298,0.332855072021
299,0.125509138107
300,0.458045005798
301,0.315590438843
302,0.458742904663
303,0.433929748535
304,0.478532981873
305,0.3334740448
306,0.206575012207
307,0.226170425415
308,0.218355674744
309,0.414026145935
310,0.552329788208
311,0.525945663452
312,0.269288101196
313,0.248599433899
314,0.189604740143
315,0.137182741165
316,0.425983657837
317,0.291685295105
318,0.340989837646
319,0.345159645081
320,0.206867275238
321,0.187497615814
322,0.320669212341
323,0.142390537262
324,0.219791641235
325,0.233840293884
326,0.245546321869
327,0.293724155426
328,0.472808494568
329,0.276649532318
330,0.2
331,0.706258010864
332,0.469595718384
333,0.362834777832
334,0.32886013031
335,0.416145553589
336,0.367411003113
337,0.411092720032
338,0.149846639633
339,0.164117221832
340,0.267177639008
341,0.291717510223
342,0.292522220612
343,0.165594673157
344,0.336624679565
345,0.276901836395
346,0.45632938385
347,0.398383598328
348,0.191659317017
349,0.520831336975
350,0.541365470886
351,0.493194046021
352,0.294580478668
353,0.1709034729
354,0.369025306702
355,0.295103702545
356,0.568640594482
357,0.217716445923
358,0.256883640289
359,0.350409660339
360,0.225800247192
361,0.640196685791
362,0.531509933472
363,0.450715522766
364,0.255179386139
365,0.330172119141
366,0.209014091492
367,0.176473064423
368,0.122124681473
369,0.219386672974
370,0.268307361603
371,0.28315448761
372,0.165411071777
373,0.501877784729
374,0.257777938843
375,0.268290195465
376,0.632304039001
377,0.375082359314
378,0.169889411926
379,0.223744697571
380,0.206580924988
381,0.360556030273
382,0.38055355072
383,0.227059898376
384,0.15939745903
385,0.566143608093
386,0.208511390686
387,0.156559972763
388,0.224916667938
389,0.46752368927
390,0.640635147095
391,0.343917922974
392,0.458158988953
393,0.167011566162
394,0.228882446289
395,0.428704071045
396,0.232650127411
397,0.148098649979
398,0.282039966583
399,0.469787979126
400,0.317671375275
401,0.388286972046
402,0.268343410492
403,0.22446559906
404,0.247971286774
405,0.287806358337
406,0.207953281403
407,0.28107717514
408,0.32339138031
409,0.754195327759
410,0.435395851135
411,0.323806533813
412,0.370994338989
413,0.325947380066
414,0.387926712036
415,0.260366439819
416,0.418017196655
417,0.256870574951
418,0.236797561646
419,0.488798217773
420,0.324770927429
421,0.346332359314
422,0.501032752991
423,0.372619590759
424,0.358189430237
425,0.278284072876
426,0.269996433258
427,0.369023666382
428,0.233012275696
429,0.351730804443
430,0.245332298279
431,0.269971675873
432,0.486081886292
433,0.249650478363
434,0.15422123909
435,0.259995136261
436,0.488077430725
437,0.286836776733
438,0.330727386475
439,0.767736434937
440,0.651293716431
441,0.256439170837
442,0.261253356934
443,0.208172855377
444,0.228159923553
445,0.294144802094
446,0.231399784088
447,0.462339401245
448,0.533431854248
449,0.495933494568
450,0.482900695801
451,0.329406433105
452,0.392962493896
453,0.363346595764
454,0.303845748901
455,0.178001384735
456,0.239109783173
457,0.399469261169
458,0.290209445953
459,0.663908309937
460,0.139001674652
461,0.270761241913
462,0.27728559494
463,0.335246772766
464,0.483766098022
465,0.15297747612
466,0.197264118195
467,0.138517217636
468,0.385871009827
469,0.446831665039
470,0.283487472534
471,0.367259864807
472,0.40302230835
473,0.324086532593
474,0.275100822449
475,0.519167289734
476,0.277770519257
477,0.368788108826
478,0.413603401184
479,0.226293525696
480,0.290035190582
481,0.200158939362
482,0.25881187439
483,0.508692131042
484,0.336684951782
485,0.183844528198
486,0.311427383423
487,0.475629043579
488,0.310174636841
489,0.440771102905
490,0.224834117889
491,0.196364536285
492,0.712378921509
493,0.282149467468
494,0.412889328003
495,0.305084857941
496,0.411407089233
497,0.324317626953
498,0.403426818848
499,0.354946250916
500,0.365141143799
501,0.318672771454
502,0.30512052536
503,0.20625087738
504,0.414944801331
505,0.540686149597
506,0.31285326004
507,0.359185676575
508,0.174640884399
509,0.293551807404
510,0.327183380127
511,0.290183753967
512,0.430931892395
513,0.325448913574
514,0.233813095093
515,0.287815303802
516,0.184374370575
517,0.412311210632
518,0.341461868286
519,0.383563461304
520,0.181354618073
521,0.353212585449
522,0.701981964111
523,0.623911170959
524,0.17666852951
525,0.154771661758
526,0.290744838715
527,0.254853725433
528,0.258201637268
529,0.547691574097
530,0.20603471756
531,0.204340667725
532,0.246428127289
533,0.258194255829
534,0.248483829498
535,0.247255573273
536,0.483471183777
537,0.162039279938
538,0.194751625061
539,0.523854484558
540,0.289957408905
541,0.344595680237
542,0.263240089417
543,0.400149078369
544,0.259182395935
545,0.245635700226
546,0.255625972748
547,0.394203834534
548,0.348392601013
549,0.35636882782
550,0.389865036011
551,0.491218833923
552,0.260455093384
553,0.660770111084
554,0.340669250488
555,0.216322116852
556,0.165181331635
557,0.220214481354
558,0.511174316406
559,0.19682390213
560,0.401155776978
561,0.54828414917
562,0.402192573547
563,0.1959608078
564,0.29542181015
565,0.183885784149
566,0.194573860168
567,0.3048528862
568,0.293745594025
569,0.306952991486
570,0.241022319794
571,0.308052768707
572,0.244944171906
573,0.195714969635
574,0.377477149963
575,0.354168891907
576,0.154142208099
577,0.231726284027
578,0.15288734436
579,0.366730918884
580,0.811336898804
581,0.354132843018
582,0.299098854065
583,0.390941619873
584,0.402632865906
585,0.475178527832
586,0.2024269104
587,0.343739395142
588,0.206480388641
589,0.114439716339
590,0.116618375778
591,0.283771953583
592,0.268818130493
593,0.165884304047
594,0.350223808289
595,0.262612228394
596,0.217174797058
597,0.273903121948
598,0.23995174408
599,0.423910560608
600,0.3963539505
601,0.240297317505
602,0.51221157074
603,0.180701904297
604,0.336566543579
605,0.352281684875
606,0.216043281555
607,0.312521114349
608,0.396335601807
609,0.467392349243
610,0.333677902222
611,0.293771839142
612,0.22930513382
613,0.19212556839
614,0.302195663452
615,0.248070392609
616,0.352478218079
617,0.455339927673
618,0.510361328125
619,0.522227058411
620,0.256978282928
621,0.25111787796
622,0.394174842834
623,0.22289730072
624,0.190742893219
625,0.254036159515
626,0.424015007019
627,0.474038925171
628,0.486303291321
629,0.156534795761
630,0.110562496185
631,0.620944442749
632,0.832575836182
633,0.660049285889
634,0.239372215271
635,0.264203300476
636,0.327538948059
637,0.27219827652
638,0.119619760513
639,0.268732089996
640,0.240179595947
641,0.314850788116
642,0.295316295624
643,0.546011199951
644,0.19277463913
645,0.242989845276
646,0.338125648499
647,0.20462518692
648,0.602450218201
649,0.921450500488
650,0.230555114746
651,0.259930038452
652,0.265205898285
653,0.275219841003
654,0.113766546249
655,0.483066368103
656,0.532275772095
657,0.597232322693
658,0.367329978943
659,0.29121295929
660,0.559271850586
661,0.408680381775
662,0.244261302948
663,0.0734288597107
664,0.37285861969
665,0.220688228607
666,0.504817504883
667,0.29437625885
668,0.26197227478
669,0.393150939941
670,0.346559295654
671,0.766688919067
672,0.130577888489
673,0.183408699036
674,0.119736862183
675,0.118961143494
676,0.251985912323
677,0.269507484436
678,0.659788894653
679,0.571056480408
680,0.389594230652
681,0.220323505402
682,0.188855552673
683,0.20094121933
684,0.250940952301
685,0.402281799316
686,0.331892433167
687,0.383309326172
688,0.284044399261
689,0.586378746033
690,0.138809986115
691,0.394962234497
692,0.492115287781
693,0.217372093201
694,0.506170005798
695,0.303503189087
696,0.232011013031
697,0.220676212311
698,0.232805194855
699,0.252278461456
700,0.403702354431
701,0.488682250977
702,0.280822277069
703,0.277716426849
704,0.104562129974
705,0.456494445801
706,0.231269836426
707,0.9221351624
708,0.161405334473
709,0.353478927612
710,0.159413805008
711,0.162615509033
712,0.355711288452
713,0.440190544128
714,0.55650680542
715,0.413900413513
716,0.448648490906
717,0.345583648682
718,0.299091911316
719,0.304956474304
720,0.141227836609
721,0.332397346497
722,0.257686920166
723,0.208423080444
724,0.263206787109
725,0.565963363647
726,0.513646965027
727,0.239887466431
728,0.32884929657
729,0.508134002686
730,0.381512756348
731,0.366012077332
732,0.681448974609
733,0.827192840576
734,0.637197952271
735,0.622447090149
736,0.587200012207
737,0.20845539093
738,0.346534996033
739,0.291977443695
740,0.525093231201
741,0.323424682617
742,0.285691108704
743,0.302644710541
744,0.348136749268
745,0.249428081512
746,0.405595321655
747,0.210457763672
748,0.642742538452
749,0.207629871368
750,0.178915920258
751,0.448736038208
752,0.207763519287
753,0.337549591064
754,0.190035514832
755,0.178042564392
756,0.0603394794464
757,0.564556999207
758,0.240005626678
759,0.316731719971
760,0.254527873993
761,0.193679065704
762,0.292066326141
763,0.354880828857
764,0.589640693665
765,0.557131881714
766,0.327796669006
767,0.350814666748
768,0.17368522644
769,0.234430046082
770,0.303190898895
771,0.336075973511
772,0.273002223969
773,0.872453308105
774,0.244795207977
775,0.489692077637
776,0.357333488464
777,0.298259487152
778,0.134008865356
779,0.161723270416
780,0.306763477325
781,0.286468143463
782,0.220406227112
783,0.22148273468
784,0.205023574829
785,0.166300868988
786,0.194251155853
787,0.673210449219
788,0.4718932724
789,0.559284934998
790,0.392879219055
791,0.267805271149
792,0.29176399231
793,0.255497341156
794,0.249153289795
795,0.210913658142
796,0.766463088989
797,0.369533729553
798,0.335068397522
799,0.266361484528
800,0.250519523621
801,0.357615242004
802,0.180361423492
803,0.223492050171
804,0.192472896576
805,0.269588108063
806,0.330229759216
807,0.544879493713
808,0.29619304657
809,0.299801654816
810,0.44878490448
811,0.413313865662
812,0.330612754822
813,0.220256252289
814,0.230013179779
815,0.10036904335
816,0.334737739563
817,0.240308589935
818,0.176549263
819,0.515792236328
820,0.367886390686
821,0.281450824738
822,0.230206451416
823,0.18819688797
824,0.313992137909
825,0.167326774597
826,0.42286567688
827,0.23872095108
828,0.171259498596
829,0.246847305298
830,0.281740226746
831,0.306552314758
832,0.169358711243
833,0.358377418518
834,0.175917205811
835,0.288359966278
836,0.206084308624
837,0.173301239014
838,0.326050338745
839,0.350021057129
840,0.384066619873
841,0.262629928589
842,0.37227935791
843,0.316024608612
844,0.42149105072
845,0.385499534607
846,0.250444202423
847,0.372197723389
848,0.365972442627
849,0.798321151733
850,0.403170280457
851,0.350874595642
852,0.244750804901
853,0.327061233521
854,0.177970714569
855,0.17937625885
856,0.317810592651
857,0.298458633423
858,0.129855804443
859,0.211756763458
860,0.354280395508
861,0.415269241333
862,0.443039321899
863,0.675246963501
864,0.423342590332
865,0.22943397522
866,0.225912284851
867,0.168492031097
868,0.175767421722
869,0.432562904358
870,0.471705284119
871,0.350662689209
872,0.4210313797
873,0.310656452179
874,0.306431217194
875,0.330530891418
876,0.346205215454
877,0.304780368805
878,0.211706390381
879,0.359748268127
880,0.497778129578
881,0.631887588501
882,0.458003845215
883,0.465415267944
884,0.392517433167
885,0.272259979248
886,0.206825370789
887,0.21647069931
888,0.331027069092
889,0.138274908066
890,0.229154090881
891,0.372357063293
892,0.313120479584
893,0.211895236969
894,0.315413646698
895,0.285341930389
896,0.0960286521912
897,0.314612598419
898,0.278100318909
899,0.277515869141
900,0.283731250763
901,0.467635803223
902,0.258096828461
903,0.569594230652
904,0.254766101837
905,0.148723077774
906,0.152755289078
907,0.346056022644
908,0.148527450562
909,0.234728755951
910,0.418367843628
911,0.353398666382
912,0.302077522278
913,0.311541690826
914,0.352193260193
915,0.411251983643
916,0.701790847778
917,0.382122879028
918,0.4694348526
919,0.2498944664
920,0.303168182373
921,0.372929573059
922,0.282671642303
923,0.136975917816
924,0.274059581757
925,0.330578575134
926,0.252778568268
927,0.240536251068
928,0.240831508636
929,0.195231666565
930,0.315716590881
931,0.284858798981
932,0.504626731873
933,0.138985328674
934,0.323791007996
935,0.228854446411
936,0.143014698029
937,0.610255012512
938,0.283982696533
939,0.464610824585
940,0.268318710327
941,0.441055603027
942,0.38477268219
943,0.357802009583
944,0.209817943573
945,0.393155632019
946,0.504324645996
947,0.336380081177
948,0.556578788757
949,0.345205459595
950,0.283462982178
951,0.387898101807
952,0.42193321228
953,0.31701259613
954,0.274110603333
955,0.36631855011
956,0.152217845917
957,0.209609775543
958,0.383049468994
959,0.263745384216
960,0.204398479462
961,0.300482330322
962,0.334852104187
963,0.163235492706
964,0.232294101715
965,0.199921531677
966,0.189701709747
967,0.155505542755
968,0.195537986755
969,0.341948280334
970,0.439458770752
971,0.505036659241
972,0.272085494995
973,0.228498516083
974,0.24246011734
975,0.291013317108
976,0.248345375061
977,0.340665740967
978,0.311214427948
979,0.158821897507
980,0.0729468107224
981,0.432128067017
982,0.2519506073
983,0.271374053955
984,0.158175411224
985,0.250883140564
986,0.276047668457
987,0.560036239624
988,0.425461540222
989,0.552020187378
990,0.0995561504364
991,0.233012962341
992,0.258925571442
993,0.369539680481
994,0.215122890472
995,0.343818702698
996,0.29675868988
997,0.196606140137
998,0.470840682983
999,0.166782150269
1000,0.412335548401
1001,0.430876846313
1002,0.357045440674
1003,0.540022735596
1004,0.46992313385
1005,0.399717903137
1006,0.456244850159
1007,0.346622161865
1008,0.424423980713
1009,0.231211032867
1010,0.322146873474
1011,0.115749864578
1012,0.172848491669
1013,0.132091808319
1014,0.307180900574
1015,0.421627502441
1016,0.383675537109
1017,0.445494232178
1018,0.213923187256
1019,0.207697658539
1020,0.2678191185
1021,0.580437355042
1022,0.24233921051
1023,0.229021816254
1024,0.289086780548
1025,0.234980869293
1026,0.246279563904
1027,0.283558692932
1028,0.419183387756
1029,0.253646621704
1030,0.291723899841
1031,0.235815887451
1032,0.210535449982
1033,0.611352653503
1034,0.128231925964
1035,0.169006538391
1036,0.597720451355
1037,0.524507713318
1038,0.322805252075
1039,0.276145858765
1040,0.376765632629
1041,0.342942047119
1042,0.176335067749
1043,0.239774875641
1044,0.552463645935
1045,0.339509391785
1046,0.42500579834
1047,0.245292835236
1048,0.122111978531
1049,0.314694480896
1050,0.529081230164
1051,0.293625240326
1052,0.301229515076
1053,0.358824234009
1054,0.316781978607
1055,0.153474121094
1056,0.210143432617
1057,0.377443351746
1058,0.495630226135
1059,0.425728302002
1060,0.314542980194
1061,0.239778804779
1062,0.345560874939
1063,0.327794189453
1064,0.23862575531
1065,0.92565048218
1066,0.319476909637
1067,0.506959075928
1068,0.19681810379
1069,0.298748626709
1070,0.265938053131
1071,0.306405181885
1072,0.454149208069
1073,0.436267471313
1074,0.206530342102
1075,0.119111566544
1076,0.154601869583
1077,0.193104705811
1078,0.328673362732
1079,0.192344474792
1080,0.304405708313
1081,0.217594032288
1082,0.133497362137
1083,0.459630470276
1084,0.234349327087
1085,0.254181289673
1086,0.337105636597
1087,0.230265636444
1088,0.316299800873
1089,0.279593677521
1090,0.300147953033
1091,0.37047744751
1092,0.288412914276
1093,0.625399971008
1094,0.481083869934
1095,0.439123840332
1096,0.385124053955
1097,0.167322502136
1098,0.507516326904
1099,0.295034427643
1100,0.311815223694
1101,0.303673038483
1102,0.43679397583
1103,0.125805072784
1104,0.554641571045
1105,0.24404876709
1106,0.317819747925
1107,0.341617774963
1108,0.248701496124
1109,0.412417640686
1110,0.54306438446
1111,0.442501296997
1112,0.368702545166
1113,0.484079818726
1114,0.283755664825
1115,0.362324676514
1116,0.550747375488
1117,0.278446369171
1118,0.263233451843
1119,0.179455471039
1120,0.521003417969
1121,0.459256858826
1122,0.484451522827
1123,0.627684898376
1124,0.258401870728
1125,0.450425834656
1126,0.97161605835
1127,0.297745800018
1128,0.350051574707
1129,0.131228942871
1130,0.364102630615
1131,0.359291152954
1132,0.182987747192
1133,0.174249572754
1134,0.274890842438
1135,0.283212108612
1136,0.393433990479
1137,0.420331192017
1138,0.273781509399
1139,0.378211479187
1140,0.233719024658
1141,0.214544963837
1142,0.343357009888
1143,0.237970905304
1144,0.273472747803
1145,0.220530891418
1146,0.302653198242
1147,0.146462535858
1148,0.522376785278
1149,0.20364774704
1150,0.279316425323
1151,0.208063964844
1152,0.540196113586
1153,0.230429821014
1154,0.195868873596
1155,0.173085441589
1156,0.788929138184
1157,0.463876113892
1158,0.468561439514
1159,0.175142040253
1160,0.608353614807
1161,0.14951333046
1162,0.501767082214
1163,0.157534618378
1164,0.210658931732
1165,0.243588981628
1166,0.151099119186
1167,0.282996482849
1168,0.264070053101
1169,0.731056213379
1170,0.435056800842
1171,0.217558116913
1172,0.240301151276
1173,0.263626613617
1174,0.34969833374
1175,0.274961013794
1176,0.675763015747
1177,0.283351840973
1178,0.303001594543
1179,0.319583492279
1180,0.303065624237
1181,0.26230134964
1182,0.625831794739
1183,0.195147514343
1184,0.252960605621
1185,0.475912399292
1186,0.189480037689
1187,0.190112991333
1188,0.352901725769
1189,0.291242847443
1190,0.581210784912
1191,0.144768400192
1192,0.42175945282
1193,0.775297851562
1194,0.443715133667
1195,0.13859662056
1196,0.38404510498
1197,0.215396099091
1198,0.422351913452
1199,0.458691139221
1200,0.336972923279
1201,0.55527469635
1202,0.315792999268
1203,0.303408241272
1204,0.169140129089
1205,0.526096000671
1206,0.460029258728
1207,0.596326217651
1208,0.35473865509
1209,0.345475120544
1210,0.291550292969
1211,0.209027462006
1212,0.419866065979
1213,0.47398235321
1214,0.218561096191
1215,0.197906360626
1216,0.214617614746
1217,0.254813690186
1218,0.218654193878
1219,0.178251056671
1220,0.167287845612
1221,0.357378692627
1222,0.27966463089
1223,0.107150754929
1224,0.195292015076
1225,0.402694625854
1226,0.539724159241
1227,0.292711639404
1228,0.304757480621
1229,0.288534355164
1230,0.350335617065
1231,0.597682914734
1232,0.35898563385
1233,0.574644584656
1234,0.273581314087
1235,0.191886196136
1236,0.438980026245
1237,0.182602443695
1238,0.541890602112
1239,0.34009803772
1240,0.298630943298
1241,0.314021053314
1242,0.388246879578
1243,0.266682929993
1244,0.264942436218
1245,0.294673786163
1246,0.263635234833
1247,0.142526025772
1248,0.258646774292
1249,0.249853343964
1250,0.433062591553
1251,0.221070251465
1252,0.248120136261
1253,0.40471862793
1254,0.485322151184
1255,0.230809803009
1256,0.6062707901
1257,0.483931007385
1258,0.258673667908
1259,0.24942150116
1260,0.625435829163
1261,0.166426753998
1262,0.677753677368
1263,0.752596817017
1264,0.421878356934
1265,0.261983757019
1266,0.28916179657
1267,0.275320625305
1268,0.229767856598
1269,0.351593475342
1270,0.458513031006
1271,0.202833652496
1272,0.198745651245
1273,0.489228515625
1274,0.28027135849
1275,0.272625484467
1276,0.223642539978
1277,0.23334230423
1278,0.37079044342
1279,0.48092010498
1280,0.129519538879
1281,0.375252113342
1282,0.288504066467
1283,0.504180870056
1284,0.382054977417
1285,0.442890281677
1286,0.170917129517
1287,0.414079666138
1288,0.432672996521
1289,0.421092605591
1290,0.619401817322
1291,0.496552772522
1292,0.211075592041
1293,0.323579711914
1294,0.478635063171
1295,0.51063621521
1296,0.414962463379
1297,0.272074317932
1298,0.292341403961
1299,0.216726665497
1300,0.492464752197
1301,0.450954666138
1302,0.447363815308
1303,0.245650405884
1304,0.329670906067
1305,0.324171028137
1306,0.240970687866
1307,0.341419677734
1308,0.339399299622
1309,0.337821769714
1310,0.482108039856
1311,0.28281627655
1312,0.455840148926
1313,0.411166992188
1314,0.390804862976
1315,0.305961227417
1316,0.245677528381
1317,0.162307872772
1318,0.255600032806
1319,0.465347557068
1320,0.35354385376
1321,0.255070266724
1322,0.184248180389
1323,0.368351821899
1324,0.260839347839
1325,0.176950397491
1326,0.193291473389
1327,0.342129669189
1328,0.364729194641
1329,0.166206970215
1330,0.125471525192
1331,0.313244037628
1332,0.217450294495
1333,0.457118911743
1334,0.174955043793
1335,0.240546913147
1336,0.358807983398
1337,0.221588516235
1338,0.414417533875
1339,0.415192489624
1340,0.240090560913
1341,0.332628746033
1342,0.388003387451
1343,0.36737285614
1344,0.165879001617
1345,0.232041320801
1346,0.450565872192
1347,0.28865070343
1348,0.179275588989
1349,0.293720569611
1350,0.128667869568
1351,0.210462017059
1352,0.244536170959
1353,0.36864730835
1354,0.623388977051
1355,0.578117446899
1356,0.706532974243
1357,0.372537460327
1358,0.193273544312
1359,0.17380903244
1360,0.253364181519
1361,0.150839605331
1362,0.36121635437
1363,0.516933708191
1364,0.178211688995
1365,0.350774154663
1366,0.35745803833
1367,0.442104949951
1368,0.585967063904
1369,0.240781230927
1370,0.0960014820099
1371,0.473120422363
1372,0.453115501404
1373,0.442384109497
1374,0.260617980957
1375,0.389245796204
1376,0.395399398804
1377,0.239273300171
1378,0.28461271286
1379,0.229757061005
1380,0.136417818069
1381,0.419923553467
1382,0.325986633301
1383,0.287144355774
1384,0.189478530884
1385,0.294049301147
1386,0.353315315247
1387,0.477056465149
1388,0.282781162262
1389,0.472299385071
1390,0.119052648544
1391,0.317129936218
1392,0.120973329544
1393,0.737436828613
1394,0.502336082458
1395,0.453173370361
1396,0.46726020813
1397,0.319391784668
1398,0.393624687195
1399,0.442832679749
1400,0.311423072815
1401,0.29420009613
1402,0.359275970459
1403,0.297080879211
1404,0.352380905151
1405,0.299166202545
1406,0.401220207214
1407,0.246029148102
1408,0.283326187134
1409,0.15969751358
1410,0.374712562561
1411,0.253713169098
1412,0.501117019653
1413,0.188691082001
1414,0.379655532837
1415,0.340331001282
1416,0.18093744278
1417,0.288269462585
1418,0.166766014099
1419,0.340403671265
1420,0.286650371552
1421,0.25498216629
1422,0.440769805908
1423,0.247111473083
1424,0.351116142273
1425,0.401609840393
1426,0.495368881226
1427,0.283966331482
1428,0.378260231018
1429,0.316282558441
1430,0.2
1431,0.348399963379
1432,0.472661399841
1433,0.189996795654
1434,0.196263217926
1435,0.29548412323
1436,0.30746175766
1437,0.263590927124
1438,0.239152545929
1439,0.517575912476
1440,0.278615055084
1441,0.507138633728
1442,0.319831047058
1443,0.305411148071
1444,0.241589260101
1445,0.247119064331
1446,0.473169326782
1447,0.316607284546
1448,0.198711147308
1449,0.375927810669
1450,0.538123779297
1451,0.39429561615
1452,0.159715032578
1453,0.280101280212
1454,0.193791809082
1455,0.44121219635
1456,0.886720581055
1457,0.261742973328
1458,0.14708902359
1459,0.183331489563
1460,0.243946876526
1461,0.249921016693
1462,0.252908573151
1463,0.410653839111
1464,0.199172077179
1465,0.175738353729
1466,0.251330757141
1467,0.350847854614
1468,0.296857223511
1469,0.568604011536
1470,0.320862541199
1471,0.333453292847
1472,0.265554771423
1473,0.209638748169
1474,0.274962368011
1475,0.338770179749
1476,0.175349979401
1477,0.12712061882
1478,0.351881523132
1479,0.234594783783
1480,0.308689041138
1481,0.411874732971
1482,0.0794287109375
1483,0.227059402466
1484,0.206583938599
1485,0.168344917297
1486,0.409952392578
1487,0.379372901917
1488,0.41248752594
1489,0.333304748535
1490,0.180508823395
1491,0.20782491684
1492,0.420018997192
1493,0.438989982605
1494,0.294868946075
1495,0.377279090881
1496,0.236535987854
1497,0.426649398804
1498,0.170363349915
1499,0.099050989151
1500,0.346712417603
1501,0.282948913574
1502,0.225600147247
1503,0.493285217285
1504,0.495621871948
1505,0.659815063477
1506,0.365819282532
1507,0.365611953735
1508,0.210762367249
1509,0.323380393982
1510,0.388779449463
1511,0.169646282196
1512,0.192151412964
1513,0.628873329163
1514,0.257469940186
1515,0.316072483063
1516,0.183352413177
1517,0.12973277092
1518,0.313561573029
1519,0.41886932373
1520,0.209525623322
1521,0.292766914368
1522,0.165512886047
1523,0.350531768799
1524,0.260984992981
1525,0.115362215042
1526,0.183159370422
1527,0.20558549881
1528,0.339391593933
1529,0.147585248947
1530,0.582650260925
1531,0.643708648682
1532,0.462541999817
1533,0.306789665222
1534,0.363295440674
1535,0.424969902039
1536,0.215598659515
1537,0.259339809418
1538,0.413487968445
1539,0.212030124664
1540,0.496556587219
1541,0.557934341431
1542,0.641207962036
1543,0.249689483643
1544,0.352459335327
1545,0.295645885468
1546,0.347592582703
1547,0.294187736511
1548,0.191398010254
1549,0.456573791504
1550,0.411779251099
1551,0.274197769165
1552,0.391125564575
1553,0.206667575836
1554,0.346301002502
1555,0.18001367569
1556,0.379424095154
1557,0.105253009796
1558,0.357306976318
1559,0.288768634796
1560,0.18259771347
1561,0.227147388458
1562,0.242860145569
1563,0.131233158112
1564,0.219377384186
1565,0.197826080322
1566,0.106391077042
1567,0.234353027344
1568,0.525798988342
1569,0.383276824951
1570,0.37279335022
1571,0.359912261963
1572,0.739562835693
1573,0.261816253662
1574,0.524720993042
1575,0.179826431274
1576,0.279185276031
1577,0.421179542542
1578,0.255894374847
1579,0.420605049133
1580,0.273512535095
1581,0.112133579254
1582,0.239348335266
1583,0.248626441956
1584,0.205774707794
1585,0.161480922699
1586,0.433675613403
1587,0.493317604065
1588,0.437456207275
1589,0.460068016052
1590,0.341987304687
1591,0.284394340515
1592,0.315295314789
1593,0.388582344055
1594,0.349631462097
1595,0.221197834015
1596,0.52543006897
1597,0.295909004211
1598,0.316906223297
1599,0.493020057678
1600,0.339968414307
1601,0.242383041382
1602,0.496942329407
1603,0.284442806244
1604,0.216429004669
1605,0.224985427856
1606,0.362312088013
1607,0.258416748047
1608,0.445581245422
1609,0.347137794495
1610,0.0947266960144
1611,0.614791030884
1612,0.419219856262
1613,0.24940984726
1614,0.513752288818
1615,0.329425239563
1616,0.268777999878
1617,0.231778621674
1618,0.3593957901
1619,0.22473865509
1620,0.585028800964
1621,0.633960380554
1622,0.268295402527
1623,0.210267658234
1624,0.49374168396
1625,0.259297733307
1626,0.169281158447
1627,0.276828804016
1628,0.304403495789
1629,0.293260231018
1630,0.406072692871
1631,0.205170669556
1632,0.240883293152
1633,0.279456386566
1634,0.259080791473
1635,0.99347305298
1636,0.961187820435
1637,0.37356628418
1638,0.435199241638
1639,0.452481651306
1640,0.279587726593
1641,0.192214336395
1642,0.447050018311
1643,0.234796028137
1644,0.135230903625
1645,0.158063058853
1646,0.509271850586
1647,0.22073841095
1648,0.309183750153
1649,0.306396141052
1650,0.309017181396
1651,0.261048736572
1652,0.269955501556
1653,0.281582450867
1654,0.321341743469
1655,0.476379547119
1656,0.178249568939
1657,0.215582714081
1658,0.415578460693
1659,0.465871543884
1660,0.24236000061
1661,0.408347892761
1662,0.177867145538
1663,0.259663600922
1664,0.336401672363
1665,0.483410415649
1666,0.452683639526
1667,0.206526603699
1668,0.317538261414
1669,0.604023094177
1670,0.439679603577
1671,0.440373764038
1672,0.551944618225
1673,0.651005020142
1674,0.294713993073
1675,0.319544563293
1676,0.331313209534
1677,0.306689071655
1678,0.323960456848
1679,0.523857345581
1680,0.313271541595
1681,0.156065740585
1682,0.292371902466
1683,0.173503055573
1684,0.251550788879
1685,0.284870738983
1686,0.207174968719
1687,0.279106292725
1688,0.297425899506
1689,0.328390808105
1690,0.283734531403
1691,0.212572212219
1692,0.19378276825
1693,0.326494216919
1694,0.176024475098
1695,0.295850315094
1696,0.308222618103
1697,0.338131256104
1698,0.2
1699,0.518507156372
1700,0.593856773376
1701,0.311930809021
1702,0.208853321075
1703,0.313932991028
1704,0.138783111572
1705,0.181449756622
1706,0.210641841888
1707,0.603450660706
1708,0.236983413696
1709,0.141344470978
1710,0.196842670441
1711,0.324095993042
1712,0.558114356995
1713,0.429667701721
1714,0.301754550934
1715,0.516420593262
1716,0.273923721313
1717,0.216372203827
1718,0.525619697571
1719,0.294581165314
1720,0.232780418396
1721,0.589769554138
1722,0.347903366089
1723,0.268428249359
1724,0.308273563385
1725,0.472902374268
1726,0.471020088196
1727,0.153620109558
1728,0.500638427734
1729,0.331644020081
1730,0.558887481689
1731,0.390409812927
1732,0.331901779175
1733,0.476513137817
1734,0.335070991516
1735,0.581530609131
1736,0.191336994171
1737,0.192709884644
1738,0.333446426392
1739,0.365127449036
1740,0.615322113037
1741,0.561478843689
1742,0.118391580582
1743,0.426659851074
1744,0.651041030884
1745,0.436486854553
1746,0.315416374207
1747,0.539650840759
1748,0.796311264038
1749,0.182283706665
1750,0.257498016357
1751,0.533061599731
1752,0.744186553955
1753,0.398633728027
1754,0.344339790344
1755,0.241112194061
1756,0.211813545227
1757,0.245795383453
1758,0.25539850235
1759,0.288561458588
1760,0.206628837585
1761,0.633145980835
1762,0.611262016296
1763,0.328626251221
1764,0.315085926056
1765,0.291477241516
1766,0.240800247192
1767,0.301693935394
1768,0.236719112396
1769,0.263356151581
1770,0.299472045898
1771,0.187959156036
1772,0.270580406189
1773,0.462883033752
1774,0.448409805298
1775,0.345068702698
1776,0.196786460876
1777,0.263568077087
1778,0.274979686737
1779,0.545199966431
1780,0.149367752075
1781,0.107357378006
1782,0.337843933105
1783,0.276910972595
1784,0.695322723389
1785,0.241787509918
1786,0.330341377258
1787,0.202292194366
1788,0.336074752808
1789,0.188112926483
1790,0.559513130188
1791,0.470084342957
1792,0.34571434021
1793,0.321565475464
1794,0.20176651001
1795,0.182729053497
1796,0.264295520782
1797,0.395952301025
1798,0.286021595001
1799,0.185609970093
1800,0.502223243713
1801,0.489166564941
1802,0.31872171402
1803,0.400319786072
1804,0.574368782043
1805,0.283610477448
1806,0.169008293152
1807,0.216093940735
1808,0.253455505371
1809,0.517377166748
1810,0.310303230286
1811,0.1776055336
1812,0.293585624695
1813,0.335845718384
1814,0.359749336243
1815,0.258471431732
1816,0.293410987854
1817,0.501372375488
1818,0.315775852203
1819,0.203099727631
1820,0.153992490768
1821,0.271946372986
1822,0.43347038269
1823,0.284419746399
1824,0.151288366318
1825,0.325135192871
1826,0.282834129333
1827,0.539403839111
1828,0.160822792053
1829,0.327457466125
1830,0.254392490387
1831,0.358324279785
1832,0.284974555969
1833,0.168135757446
1834,0.283291759491
1835,0.69547416687
1836,0.194478263855
1837,0.128115491867
1838,0.232240657806
1839,0.509396247864
1840,0.302157497406
1841,0.281534423828
1842,0.546003990173
1843,0.242465724945
1844,0.295011539459
1845,0.366108169556
1846,0.275686302185
1847,0.342067718506
1848,0.31018693924
1849,0.289239711761
1850,0.249276695251
1851,0.326953277588
1852,0.355641403198
1853,0.187823181152
1854,0.509737281799
1855,0.217071056366
1856,0.359158363342
1857,0.420880088806
1858,0.206485404968
1859,0.17708190918
1860,0.330731163025
1861,0.269162979126
1862,0.213945674896
1863,0.414965820313
1864,0.499874801636
1865,0.245783576965
1866,0.239962978363
1867,0.132672510147
1868,0.33367565155
1869,0.225246486664
1870,0.301802616119
1871,0.0770924711227
1872,0.191358852386
1873,0.320739707947
1874,0.515229721069
1875,0.482411270142
1876,0.532742080688
1877,0.159069080353
1878,0.192249317169
1879,0.476736755371
1880,0.404371528625
1881,0.343511390686
1882,0.432545852661
1883,0.596925773621
1884,0.715319061279
1885,0.985862503052
1886,0.317823505402
1887,0.255118865967
1888,0.226726951599
1889,0.216241531372
1890,0.382043647766
1891,0.65056022644
1892,0.26184879303
1893,0.306157569885
1894,0.540311050415
1895,0.475283699036
1896,0.359664993286
1897,0.188334369659
1898,0.27843006134
1899,0.246186122894
1900,0.29134141922
1901,0.528433837891
1902,0.860420455933
1903,0.309198760986
1904,0.239336071014
1905,0.427264976501
1906,0.262498378754
1907,0.644916687012
1908,0.201778621674
1909,0.267098903656
1910,0.209172859192
1911,0.252619094849
1912,0.262099323273
1913,0.79347038269
1914,0.176805515289
1915,0.594359359741
1916,0.22141248703
1917,0.207852497101
1918,0.380931282043
1919,0.305679950714
1920,0.332885322571
1921,0.280706100464
1922,0.296514320374
1923,0.538176765442
1924,0.34244102478
1925,0.302024230957
1926,0.326243095398
1927,0.521021537781
1928,0.298398284912
1929,0.186793403625
1930,0.182337265015
1931,0.25838098526
1932,0.264786891937
1933,0.206218738556
1934,0.219687042236
1935,0.544151039124
1936,0.464937286377
1937,0.368344192505
1938,0.144755010605
1939,0.416887207031
1940,0.22262966156
1941,0.35537902832
1942,0.117675790787
1943,0.451914520264
1944,0.665843276978
1945,0.57468914032
1946,0.177211036682
1947,0.217355270386
1948,0.279780597687
1949,0.254523792267
1950,0.282563800812
1951,0.381327438354
1952,0.173071460724
1953,0.292352676392
1954,0.522760391235
1955,0.435935249329
1956,0.35534324646
1957,0.264155273438
1958,0.504955940247
1959,0.25473361969
1960,0.31165391922
1961,0.325179862976
1962,0.189637851715
1963,0.353393287659
1964,0.45380027771
1965,0.760561218262
1966,0.378031044006
1967,0.303139400482
1968,0.357923622131
1969,0.271823883057
1970,0.288233699799
1971,0.320877723694
1972,0.195572052002
1973,0.247292060852
1974,0.412955474854
1975,0.166505088806
1976,0.224520378113
1977,0.28435842514
1978,0.692144165039
1979,0.275718517303
1980,0.198598079681
1981,0.205413761139
1982,0.304313106537
1983,0.502010917664
1984,0.200406093597
1985,0.155957107544
1986,0.194970340729
1987,0.16859916687
1988,0.17017457962
1989,0.109931516647
1990,0.492195472717
1991,0.419570617676
1992,0.238581829071
1993,0.189513816833
1994,0.513577079773
1995,0.310982189178
1996,0.0339389848709
1997,0.501450767517
1998,0.521800079346
1999,0.467635803223
2000,0.352029571533
2001,0.541441764832
2002,0.367282028198
2003,0.325651130676
2004,0.155441894531
2005,0.243607234955
2006,0.142747058868
2007,0.41275604248
2008,0.273508911133
2009,0.313162937164
2010,0.532666549683
2011,0.461112747192
2012,0.505220565796
2013,0.394719848633
2014,0.232745513916
2015,0.286232662201
2016,0.566737480164
2017,0.125260887146
2018,0.190347366333
2019,0.448527526855
2020,0.239654502869
2021,0.277917938232
2022,0.219029827118
2023,0.191163101196
2024,0.179783363342
2025,0.259760169983
2026,0.232202148438
2027,0.269464874268
2028,0.254629364014
2029,0.337494812012
2030,0.287246379852
2031,0.470011291504
2032,0.264444580078
2033,0.371938858032
2034,0.157734594345
2035,0.365786170959
2036,0.247502384186
2037,0.268586101532
2038,0.516793441772
2039,0.625805702209
2040,0.260537414551
2041,0.391776847839
2042,0.200179042816
2043,0.27543926239
2044,0.305966739655
2045,0.246767807007
2046,0.2
2047,0.130564317703
2048,0.157484798431
2049,0.437411842346
2050,0.689515075684
2051,0.187946643829
2052,0.448581619263
2053,0.551194343567
2054,0.146592884064
2055,0.366225776672
2056,0.444414176941
2057,0.150699501038
2058,0.414653129578
2059,0.156270484924
2060,0.205721416473
2061,0.256468353271
2062,0.201952610016
2063,0.364944229126
2064,0.244429798126
2065,0.138494663239
2066,0.253639507294
2067,0.516487579346
2068,0.411386833191
2069,0.236491374969
2070,0.392960090637
2071,0.2334258461
2072,0.505024528503
2073,0.372561950684
2074,0.34268321991
2075,0.226212787628
2076,0.135993719101
2077,0.525263252258
2078,0.477256469727
2079,0.240049171448
2080,0.519144554138
2081,0.458748855591
2082,0.246439495087
2083,0.407859535217
2084,0.488091049194
2085,0.312162342072
2086,0.121397209167
2087,0.311003303528
2088,0.410116004944
2089,0.248617954254
2090,0.258665885925
2091,0.34074054718
2092,0.494381942749
2093,0.376984062195
2094,0.234111194611
2095,0.356373558044
2096,0.273444862366
2097,0.530597953796
2098,0.333241081238
2099,0.391960945129
2100,0.210197639465
2101,0.195433692932
2102,0.29337518692
2103,0.521268997192
2104,0.236711215973
2105,0.350593719482
2106,0.48648109436
2107,0.23363483429
2108,0.200751914978
2109,0.650827255249
2110,0.470586357117
2111,0.231285037994
2112,0.400571098328
2113,0.296921825409
2114,0.345491638184
2115,0.185140895844
2116,0.626505355835
2117,0.379597816467
2118,0.117947835922
2119,0.25891992569
2120,0.302296657562
2121,0.293095779419
2122,0.252659225464
2123,0.104396924973
2124,0.464991340637
2125,0.414048271179
2126,0.212914772034
2127,0.316113891602
2128,0.131047306061
2129,0.269168319702
2130,0.458083763123
2131,0.269628696442
2132,0.592867965698
2133,0.251625003815
2134,0.271271247864
2135,0.846149215698
2136,0.343551483154
2137,0.872357559204
2138,0.289597949982
2139,0.312785110474
2140,0.687534637451
2141,0.479639358521
2142,0.351256637573
2143,0.190004920959
2144,0.271893367767
2145,0.28567987442
2146,0.449527816772
2147,0.325464782715
2148,0.609817771912
2149,0.615090179443
2150,0.606713218689
2151,0.396491928101
2152,0.412644386292
2153,0.304067268372
2154,0.291069202423
2155,0.240047283173
2156,0.211855220795
2157,0.287955150604
2158,0.265390815735
2159,0.315099163055
2160,0.213841533661
2161,0.240480003357
2162,0.361063423157
2163,0.457999076843
2164,0.286191711426
2165,0.377711753845
2166,0.169918746948
2167,0.297741107941
2168,0.422060012817
2169,0.324715576172
2170,0.183653888702
2171,0.385580482483
2172,0.142906675339
2173,0.281051692963
2174,0.26822019577
2175,0.470138473511
2176,0.376066741943
2177,0.489850463867
2178,0.223674640656
2179,0.173912715912
2180,0.579037666321
2181,0.353849639893
2182,0.147359514236
2183,0.216295681
2184,0.374131393433
2185,0.288755760193
2186,0.533970756531
2187,0.354407119751
2188,0.145794219971
2189,0.216982021332
2190,0.406968345642
2191,0.372239570618
2192,0.289689750671
2193,0.401947174072
2194,0.178857269287
2195,0.72134765625
2196,0.2895429039
2197,0.405067863464
2198,0.317137184143
2199,0.15767370224
2200,0.198685188293
2201,0.285260334015
2202,0.264513130188
2203,0.184470424652
2204,0.434567565918
2205,0.418666496277
2206,0.325377845764
2207,0.475813751221
2208,0.233813056946
2209,0.252733631134
2210,0.497183494568
2211,0.308017845154
2212,0.525452957153
2213,0.159304714203
2214,0.301943130493
2215,0.13006072998
2216,0.218165397644
2217,0.286488609314
2218,0.274187450409
2219,0.261345157623
2220,0.234823265076
2221,0.523745880127
2222,0.18664150238
2223,0.313746776581
2224,0.205177783966
2225,0.182431755066
2226,0.163310413361
2227,0.31035276413
2228,0.267101135254
2229,0.154769620895
2230,0.348498802185
2231,0.274988327026
2232,0.273547115326
2233,0.258384113312
2234,0.273202571869
2235,0.144824886322
2236,0.337744483948
2237,0.725639343262
2238,0.206979446411
2239,0.44129486084
2240,0.178136367798
2241,0.280900859833
2242,0.498008613586
2243,0.309464187622
2244,0.504958648682
2245,0.322602806091
2246,0.332691268921
2247,0.212478981018
2248,0.256707210541
2249,0.431183242798
2250,0.359541168213
2251,0.246201171875
2252,0.222051143646
2253,0.168422584534
2254,0.274076538086
2255,0.147297468185
2256,0.466466560364
2257,0.376198043823
2258,0.328013725281
2259,0.351189689636
2260,0.576858406067
2261,0.330721969604
2262,0.167407646179
2263,0.334234886169
2264,0.173790187836
2265,0.373459281921
2266,0.197718429565
2267,0.425263175964
2268,0.128577022552
2269,0.303750267029
2270,0.2629596138
2271,0.192345142365
2272,0.754354095459
2273,0.218705806732
2274,0.183249263763
2275,0.461440505981
2276,0.243601284027
2277,0.314406986237
2278,0.506580352783
2279,0.216083812714
2280,0.46112121582
2281,0.404766693115
2282,0.545517425537
2283,0.380551605225
2284,0.649995193481
2285,0.232750053406
2286,0.111806440353
2287,0.206798763275
2288,0.611055221558
2289,0.317348232269
2290,0.304384365082
2291,0.371235351562
2292,0.446686515808
2293,0.287484836578
2294,0.76718711853
2295,0.305627994537
2296,0.23319442749
2297,0.132373981476
2298,0.191531467438
2299,0.360829315186
2300,0.390221786499
2301,0.352098045349
2302,0.309168109894
2303,0.552668800354
2304,0.333999710083
2305,0.204979476929
2306,0.548350639343
2307,0.33218170166
2308,0.358937759399
2309,0.440992889404
2310,0.401237754822
2311,0.503167800903
2312,0.337858924866
2313,0.59125415802
2314,0.144252614975
2315,0.226052112579
2316,0.542771682739
2317,0.124648189545
2318,0.32760509491
2319,0.410767402649
2320,0.26356256485
2321,0.406720161438
2322,0.392658729553
2323,0.377928848267
2324,0.116634349823
2325,0.171173019409
2326,0.294258232117
2327,0.281522655487
2328,0.261817035675
2329,0.195004005432
2330,0.271034984589
2331,0.304970054626
2332,0.254103069305
2333,0.245963573456
2334,0.262186470032
2335,0.215915927887
2336,0.32948928833
2337,0.244102554321
2338,0.31841588974
2339,0.263900794983
2340,0.371060943604
2341,0.409356689453
2342,0.587151489258
2343,0.228192405701
2344,0.268820381165
2345,0.12133307457
2346,0.460480117798
2347,0.371573677063
2348,0.314031162262
2349,0.1968450737
2350,0.381402587891
2351,0.301870803833
2352,0.380580940247
2353,0.443357086182
2354,0.288933353424
2355,0.184626312256
2356,0.17368303299
2357,0.153008184433
2358,0.402715110779
2359,0.380515937805
2360,0.43786693573
2361,0.174081230164
2362,0.415540962219
2363,0.353656806946
2364,0.252335929871
2365,0.253236370087
2366,0.119030742645
2367,0.336246566772
2368,0.352070121765
2369,0.208304195404
2370,0.27997795105
2371,0.31740901947
2372,0.184764671326
2373,0.393736190796
2374,0.287154197693
2375,0.254262771606
2376,0.702238998413
2377,0.746504745483
2378,0.147932701111
2379,0.315211048126
2380,0.303944854736
2381,0.53365978241
2382,0.383873214722
2383,0.424128570557
2384,0.257835350037
2385,0.39774887085
2386,0.321655158997
2387,0.464133987427
2388,0.56777015686
2389,0.239398574829
2390,0.249951610565
2391,0.320104789734
2392,0.337880554199
2393,0.311489295959
2394,0.271828556061
2395,0.183348274231
2396,0.22596157074
2397,0.297183322906
2398,0.243500080109
2399,0.399006881714
2400,0.322590408325
2401,0.575194702148
2402,0.442449150085
2403,0.31065568924
2404,0.293782997131
2405,0.321680793762
2406,0.139329242706
2407,0.146403903961
2408,0.175874595642
2409,0.156942224503
2410,0.170601882935
2411,0.376120605469
2412,0.254474906921
2413,0.147318563461
2414,0.518655128479
2415,0.362910575867
2416,0.230883426666
2417,0.11723402977
2418,0.315981864929
2419,0.407403869629
2420,0.321002082825
2421,0.328177947998
2422,0.232329044342
2423,0.159322347641
2424,0.211323604584
2425,0.566983222961
2426,0.221035270691
2427,0.360107879639
2428,0.403777160645
2429,0.287664470673
2430,0.225886039734
2431,0.361890487671
2432,0.326817092896
2433,0.314756507874
2434,0.413920478821
2435,0.444174995422
2436,0.273731231689
2437,0.160230522156
2438,0.139064235687
2439,0.405814094543
2440,0.61646068573
2441,0.208830757141
2442,0.304319496155
2443,0.332610702515
2444,0.459838905334
2445,0.38003162384
2446,0.474149932861
2447,0.208875961304
2448,0.709931182861
2449,0.452608528137
2450,0.482640609741
2451,0.225936775208
2452,0.385974845886
2453,0.302018299103
2454,0.235261802673
2455,0.58114025116
2456,0.158279104233
2457,0.183550891876
2458,0.273904285431
2459,0.254662914276
2460,0.455399665833
2461,0.202159633636
2462,0.239834480286
2463,0.227521266937
2464,0.11044257164
2465,0.162657737732
2466,0.489377059937
2467,0.365842781067
2468,0.465415382385
2469,0.42120098114
2470,0.336600723267
2471,0.57316822052
2472,0.134319763184
2473,0.421758041382
2474,0.213532390594
2475,0.234147796631
2476,0.298572349548
2477,0.250667877197
2478,0.298718414307
2479,0.460628509521
2480,0.526022644043
2481,0.316328125
2482,0.338949661255
2483,0.161077480316
2484,0.529282493591
2485,0.25536901474
2486,0.262440910339
2487,0.273408508301
2488,0.375164337158
2489,0.334767303467
2490,0.279720783234
2491,0.239561252594
2492,0.156507482529
2493,0.271068096161
2494,0.641184692383
2495,0.731849975586
2496,0.223830509186
2497,0.340278511047
2498,0.462641677856
2499,0.355257568359
2500,0.653095703125
2501,0.487339172363
2502,0.426090698242
2503,0.525334243774
2504,0.295695171356
2505,0.205391921997
2506,0.622335662842
2507,0.345965194702
2508,0.159148626328
2509,0.358015594482
2510,0.452423667908
2511,0.35166633606
2512,0.392710914612
2513,0.188809909821
2514,0.228194026947
2515,0.365346946716
2516,0.2
2517,0.225242843628
2518,0.269771556854
2519,0.131862850189
2520,0.23752407074
2521,0.715879058838
2522,0.742596130371
2523,0.568272666931
2524,0.337094078064
2525,0.358068275452
2526,0.07929251194
2527,0.253896198273
2528,0.36890045166
2529,0.16427154541
2530,0.371645050049
2531,0.192747268677
2532,0.157833127975
2533,0.253152866364
2534,0.50598941803
2535,0.301693611145
2536,0.679654769897
2537,0.222360610962
2538,0.166871623993
2539,0.305062599182
2540,0.40377281189
2541,0.238292770386
2542,0.571354942322
2543,0.508265533447
2544,0.227235679626
2545,0.508382377625
2546,0.196772193909
2547,0.436101570129
2548,0.196284503937
2549,0.255796203613
2550,0.206811485291
2551,0.200981426239
2552,0.375438499451
2553,0.201260261536
2554,0.183586196899
2555,0.316403388977
2556,0.255397205353
2557,0.29172876358
2558,0.343924179077
2559,0.353427658081
2560,0.167170162201
2561,0.293456497192
2562,0.283472633362
2563,0.339194526672
2564,0.185427913666
2565,0.162554969788
2566,0.385227012634
2567,0.122261562347
2568,0.21352399826
2569,0.277969646454
2570,0.219693107605
2571,0.303671417236
2572,0.621276664734
2573,0.325058746338
2574,0.182135906219
2575,0.363612976074
2576,0.456430358887
2577,0.149647731781
2578,0.240080013275
2579,0.321809196472
2580,0.31964225769
2581,0.354248733521
2582,0.32161907196
2583,0.278652744293
2584,0.359988594055
2585,0.217113189697
2586,0.437810897827
2587,0.676138381958
2588,0.426238059998
2589,0.384335289001
2590,0.295255260468
2591,0.479631500244
2592,0.324008293152
2593,0.569897193909
2594,0.395261993408
2595,0.225118808746
2596,0.15911863327
2597,0.142197437286
2598,0.331657142639
2599,0.333073425293
2600,0.306913814545
2601,0.155870494843
2602,0.145836706161
2603,0.182431812286
2604,0.238261222839
2605,0.415304527283
2606,0.493580703735
2607,0.332985343933
2608,0.343050880432
2609,0.3026121521
2610,0.203053855896
2611,0.215557594299
2612,0.341955108643
2613,0.237541790009
2614,0.21679233551
2615,0.480057945251
2616,0.573060493469
2617,0.477926139832
2618,0.497047195435
2619,0.299902992249
2620,0.144594707489
2621,0.99599647522
2622,0.21673866272
2623,0.857416381836
2624,0.178835430145
2625,0.265948925018
2626,0.286997852325
2627,0.403070144653
2628,0.36911026001
2629,0.369893760681
2630,0.232834854126
2631,0.426394500732
2632,0.235101642609
2633,0.151669340134
2634,0.518698921204
2635,0.35445941925
2636,0.140430212021
2637,0.376721305847
2638,0.436461868286
2639,0.162884807587
2640,0.480997848511
2641,0.396079483032
2642,0.446353416443
2643,0.27390001297
2644,0.176217288971
2645,0.398543510437
2646,0.427952880859
2647,0.265445346832
2648,0.357182617187
2649,0.228708591461
2650,0.411867637634
2651,0.630980072021
2652,0.320519218445
2653,0.219566326141
2654,0.436483039856
2655,0.444742164612
2656,0.416071586609
2657,0.402496681213
2658,0.36481174469
2659,0.386909942627
2660,0.626146621704
2661,0.270519332886
2662,0.396086006165
2663,0.62165348053
2664,0.360289306641
2665,0.201357269287
2666,0.300564937592
2667,0.333492660522
2668,0.547660484314
2669,0.193917007446
2670,0.277182407379
2671,0.424354515076
2672,0.613539962769
2673,0.155510454178
2674,0.557487602234
2675,0.428902168274
2676,0.425931854248
2677,0.208811569214
2678,0.514337997437
2679,0.484216041565
2680,0.374764595032
2681,0.497454223633
2682,0.168605995178
2683,0.216585674286
2684,0.109819726944
2685,0.177938785553
2686,0.18129655838
2687,0.595987167358
2688,0.174304943085
2689,0.38137386322
2690,0.190870952606
2691,0.240190753937
2692,0.160536594391
2693,0.31416557312
2694,0.274234771729
2695,0.503088226318
2696,0.42326587677
2697,0.284371528625
2698,0.362163047791
2699,0.614424285889
2700,0.34368976593
2701,0.281276130676
2702,0.476880340576
2703,0.32612323761
2704,0.475676078796
2705,0.173996143341
2706,0.0932247257233
2707,0.330438308716
2708,0.339036941528
2709,0.243740329742
2710,0.230600986481
2711,0.425070037842
2712,0.251969356537
2713,0.654794158936
2714,0.320143356323
2715,0.216111888885
2716,0.203997859955
2717,0.384811515808
2718,0.193959217072
2719,0.447265777588
2720,0.261872959137
2721,0.587073135376
2722,0.220221099854
2723,0.249844646454
2724,0.304532012939
2725,0.505876922607
2726,0.275782165527
2727,0.111421880722
2728,0.234856567383
2729,0.218259353638
2730,0.239666099548
2731,0.346052246094
2732,0.482907600403
2733,0.255731124878
2734,0.262506980896
2735,0.625768547058
2736,0.334238624573
2737,0.57952922821
2738,0.301248474121
2739,0.225097446442
2740,0.234082050323
2741,0.232574615479
2742,0.226670265198
2743,0.480188827515
2744,0.622666549683
2745,0.47875
2746,0.158022556305
2747,0.433703613281
2748,0.332394676208
2749,0.233111114502
2750,0.295604133606
2751,0.23628528595
2752,0.190261497498
2753,0.187578659058
2754,0.207319278717
2755,0.504971046448
2756,0.197020225525
2757,0.220294437408
2758,0.284310512543
2759,0.286650524139
2760,0.196414470673
2761,0.253830947876
2762,0.527313079834
2763,0.220629520416
2764,0.234891700745
2765,0.417973670959
2766,0.264475746155
2767,0.18908159256
2768,0.723848876953
2769,0.252801361084
2770,0.363164405823
2771,0.4094323349
2772,0.482570152283
2773,0.443484306335
2774,0.359579696655
2775,0.496108894348
2776,0.58637878418
2777,0.320352210999
2778,0.428175582886
2779,0.243023414612
2780,0.280379447937
2781,0.26713432312
2782,0.315420036316
2783,0.399201202393
2784,0.451759147644
2785,0.459279251099
2786,0.295767192841
2787,0.220587005615
2788,0.388125267029
2789,0.197724475861
2790,0.268729610443
2791,0.40908531189
2792,0.377452354431
2793,0.294511680603
2794,0.612344284058
2795,0.193712005615
2796,0.518899765015
2797,0.482759513855
2798,0.453421325684
2799,0.164977054596
2800,0.2244373703
2801,0.29029253006
2802,0.452104530334
2803,0.121740875244
2804,0.408277206421
2805,0.223446865082
2806,0.293187046051
2807,0.684460220337
2808,0.40172039032
2809,0.484939727783
2810,0.358627471924
2811,0.496036949158
2812,0.369787216187
2813,0.366325340271
2814,0.261284103394
2815,0.167072887421
2816,0.335691070557
2817,0.768266296387
2818,0.604186134338
2819,0.422572517395
2820,0.246362876892
2821,0.158284349442
2822,0.382377204895
2823,0.294614238739
2824,0.533165931702
2825,0.418396453857
2826,0.138925800323
2827,0.285025844574
2828,0.244368190765
2829,0.135923509598
2830,0.348261260986
2831,0.381653060913
2832,0.275468292236
2833,0.381333885193
2834,0.225925559998
2835,0.207366352081
2836,0.417442626953
2837,0.31668964386
2838,0.266901073456
2839,0.281853027344
2840,0.196836299896
2841,0.293601131439
2842,0.334900550842
2843,0.184579982758
2844,0.0796621417999
2845,0.245873527527
2846,0.216145439148
2847,0.244139442444
2848,0.161794204712
2849,0.236728115082
2850,0.270759811401
2851,0.335023117065
2852,0.331512069702
2853,0.484661178589
2854,0.0954409694672
2855,0.320770301819
2856,0.277861824036
2857,0.195316162109
2858,0.281385746002
2859,0.348354301453
2860,0.578334693909
2861,0.417473220825
2862,0.277580814362
2863,0.400990562439
2864,0.296676025391
2865,0.293196983337
2866,0.326872253418
2867,0.341143531799
2868,0.527436256409
2869,0.710095977783
2870,0.181903800964
2871,0.211438217163
2872,0.161475276947
2873,0.501121406555
2874,0.26733543396
2875,0.218816661835
2876,0.40050994873
2877,0.503803367615
2878,0.159963903427
2879,0.44306098938
2880,0.240993480682
2881,0.0885129547119
2882,0.311034927368
2883,0.22932144165
2884,0.259893894196
2885,0.149430980682
2886,0.296463451385
2887,0.187649974823
2888,0.209851551056
2889,0.200392475128
2890,0.131401290894
2891,0.225323963165
2892,0.167658004761
2893,0.200305080414
2894,0.308241500854
2895,0.211351127625
2896,0.243461360931
2897,0.63318611145
2898,0.338628196716
2899,0.256534347534
2900,0.321982765198
2901,0.228575382233
2902,0.199369926453
2903,0.116959495544
2904,0.499824943542
2905,0.245726776123
2906,0.32413848877
2907,0.390139541626
2908,0.472769889832
2909,0.578730545044
2910,0.253961868286
2911,0.266431751251
2912,0.156435613632
2913,0.437108345032
2914,0.482663192749
2915,0.20613527298
2916,0.215781421661
2917,0.308491325378
2918,0.261569957733
2919,0.153885059357
2920,0.527846755981
2921,0.288986701965
2922,0.19221660614
2923,0.269614963531
2924,0.237344779968
2925,0.333736534119
2926,0.271265964508
2927,0.446526374817
2928,0.43009349823
2929,0.303769035339
2930,0.175110263824
2931,0.170123271942
2932,0.137344074249
2933,0.284784011841
2934,0.223938159943
2935,0.392163734436
2936,0.482030601501
2937,0.262969093323
2938,0.76721206665
2939,0.32415348053
2940,0.362244796753
2941,0.55339756012
2942,0.55669834137
2943,0.603560791016
2944,0.508538284302
2945,0.139374780655
2946,0.500633621216
2947,0.185532588959
2948,0.256449146271
2949,0.33575088501
2950,0.360794258118
2951,0.372207641602
2952,0.131647377014
2953,0.237950744629
2954,0.489554328918
2955,0.0929643440247
2956,0.449472846985
2957,0.603393745422
2958,0.35833694458
2959,0.252577133179
2960,0.303373851776
2961,0.135421075821
2962,0.313295459747
2963,0.325935783386
2964,0.386126747131
2965,0.641082458496
2966,0.437332420349
2967,0.238668823242
2968,0.221157302856
2969,0.431698493958
2970,0.211958827972
2971,0.239925899506
2972,0.210228672028
2973,0.238542041779
2974,0.281116008759
2975,0.233030567169
2976,0.263118133545
2977,0.0987262916565
2978,0.278709220886
2979,0.45842086792
2980,0.633136024475
2981,0.708026351929
2982,0.215887451172
2983,0.324105148315
2984,0.402582015991
2985,0.148977403641
2986,0.204992599487
2987,0.240383262634
2988,0.124687137604
2989,0.40619140625
2990,0.211751842499
2991,0.193503284454
2992,0.551022796631
2993,0.951933135986
2994,0.3339012146
2995,0.218918495178
2996,0.267521362305
2997,0.479617805481
2998,0.323104019165
2999,0.702210845947
3000,0.287233734131
3001,0.146896247864
3002,0.244195098877
3003,0.255583953857
3004,0.495356330872
3005,0.563678894043
3006,0.464702110291
3007,0.666922988892
3008,0.476058578491
3009,0.799400482178
3010,0.176839199066
3011,0.277826061249
3012,0.353791732788
3013,0.418833580017
3014,0.437951164246
3015,0.232996520996
3016,0.312147083282
3017,0.154572963715
3018,0.196092243195
3019,0.444834060669
3020,0.466647148132
3021,0.384280776978
3022,0.287951507568
3023,0.125614852905
3024,0.400469703674
3025,0.701980819702
3026,0.381467247009
3027,0.284323444366
3028,0.50296245575
3029,0.292766094208
3030,0.299473228455
3031,0.280333900452
3032,0.388268051147
3033,0.410665512085
3034,0.578676643372
3035,0.318751468658
3036,0.220602855682
3037,0.333161735535
3038,0.732457504272
3039,0.192407913208
3040,0.238786754608
3041,0.228178482056
3042,0.256754245758
3043,0.135520706177
3044,0.246185245514
3045,0.307084197998
3046,0.233976631165
3047,0.435638999939
3048,0.194296131134
3049,0.44228477478
3050,0.517616882324
3051,0.47498878479
3052,0.323872184753
3053,0.29062959671
3054,0.322890281677
3055,0.60178188324
3056,0.510255775452
3057,0.260652694702
3058,0.237650108337
3059,0.337999076843
3060,0.726185455322
3061,0.133313350677
3062,0.366684684753
3063,0.237001628876
3064,0.391441764832
3065,0.885688858032
3066,0.704571685791
3067,0.320623474121
3068,0.192924385071
3069,0.22883605957
3070,0.307788982391
3071,0.311126422882
3072,0.180865020752
3073,0.233527088165
3074,0.189521446228
3075,0.486831741333
3076,0.218657073975
3077,0.289679927826
3078,0.3176994133
3079,0.248074970245
3080,0.241729640961
3081,0.350051574707
3082,0.289808216095
3083,0.194922809601
3084,0.232298603058
3085,0.198244190216
3086,0.138330860138
3087,0.171637802124
3088,0.436935844421
3089,0.325583267212
3090,0.274144325256
3091,0.477995986938
3092,0.508354568481
3093,0.256517715454
3094,0.29972278595
3095,0.151727237701
3096,0.567005386353
3097,0.348974723816
3098,0.43719833374
3099,0.350711479187
3100,0.189445781708
3101,0.546186485291
3102,0.318472518921
3103,0.238112373352
3104,0.267182006836
3105,0.196393241882
3106,0.55151134491
3107,0.468191604614
3108,0.39215801239
3109,0.300282707214
3110,0.282858181
3111,0.162553901672
3112,0.20260263443
3113,0.273754062653
3114,0.167433643341
3115,0.677489318848
3116,0.364465637207
3117,0.366573753357
3118,0.130134744644
3119,0.269445152283
3120,0.199780006409
3121,0.258444728851
3122,0.190351085663
3123,0.343207054138
3124,0.138531131744
3125,0.136073637009
3126,0.374394302368
3127,0.270040588379
3128,0.536342353821
3129,0.215554256439
3130,0.432572555542
3131,0.37895866394
3132,0.352859039307
3133,0.372149467468
3134,0.320830764771
3135,0.199552211761
3136,0.467115898132
3137,0.448792076111
3138,0.35753944397
3139,0.877098617554
3140,0.48300491333
3141,0.590748710632
3142,0.264566955566
3143,0.268292045593
3144,0.308362483978
3145,0.873601837158
3146,0.404506721497
3147,0.296227550507
3148,0.209218654633
3149,0.605925369263
3150,0.676920166016
3151,0.505017127991
3152,0.189507198334
3153,0.449142684937
3154,0.380719833374
3155,0.337339324951
3156,0.26921913147
3157,0.191021976471
3158,0.175429096222
3159,0.516237831116
3160,0.345096855164
3161,0.375568389893
3162,0.293153343201
3163,0.313573913574
3164,0.311835746765
3165,0.31208486557
3166,0.181702098846
3167,0.133580379486
3168,0.494397506714
3169,0.845019989014
3170,0.647086334229
3171,0.110575675964
3172,0.424713439941
3173,0.485642738342
3174,0.173912944794
3175,0.326443443298
3176,0.287690010071
3177,0.338094902039
3178,0.34024772644
3179,0.402398033142
3180,0.174642524719
3181,0.535539360046
3182,0.742573776245
3183,0.332991371155
3184,0.351257667542
3185,0.309945526123
3186,0.403992347717
3187,0.471721191406
3188,0.577457923889
3189,0.273140068054
3190,0.601667900085
3191,0.309108200073
3192,0.275762443542
3193,0.128565416336
3194,0.424141769409
3195,0.402146949768
3196,0.378843727112
3197,0.246388072968
3198,0.185052375793
3199,0.247210521698
3200,0.319055175781
3201,0.26156375885
3202,0.505732078552
3203,0.331214599609
3204,0.211814155579
3205,0.152119951248
3206,0.511335144043
3207,0.308463230133
3208,0.2
3209,0.226661529541
3210,0.503010177612
3211,0.208941478729
3212,0.182972774506
3213,0.199544906616
3214,0.291915206909
3215,0.294326438904
3216,0.200091552734
3217,0.243538551331
3218,0.170043067932
3219,0.224784927368
3220,0.273084831238
3221,0.308908157349
3222,0.208753967285
3223,0.16080247879
3224,0.650688400269
3225,0.516461601257
3226,0.263201255798
3227,0.130300426483
3228,0.368319549561
3229,0.222253417969
3230,0.451428756714
3231,0.662430419922
3232,0.336602745056
3233,0.346473426819
3234,0.321269607544
3235,0.920526428223
3236,0.488351669312
3237,0.420640678406
3238,0.279790287018
3239,0.34679058075
3240,0.258086643219
3241,0.25829864502
3242,0.299025154114
3243,0.232588100433
3244,0.353722877502
3245,0.455360870361
3246,0.335136413574
3247,0.330792274475
3248,0.373408584595
3249,0.32616645813
3250,0.314794998169
3251,0.253795070648
3252,0.226022930145
3253,0.245122203827
3254,0.224831161499
3255,0.19651599884
3256,0.199196205139
3257,0.419364891052
3258,0.202876663208
3259,0.281323604584
3260,0.254712371826
3261,0.237404155731
3262,0.25412733078
3263,0.167110729218
3264,0.272077713013
3265,0.497707252502
3266,0.203010635376
3267,0.286553726196
3268,0.177410068512
3269,0.409168395996
3270,0.531178131104
3271,0.127567949295
3272,0.288122558594
3273,0.239768295288
3274,0.27073474884
3275,0.310357532501
3276,0.329887733459
3277,0.33744342804
3278,0.219147663116
3279,0.220077438354
3280,0.173036403656
3281,0.352225990295
3282,0.201902561188
3283,0.249562263489
3284,0.322658729553
3285,0.148644485474
3286,0.505975837708
3287,0.32440864563
3288,0.277764225006
3289,0.308055973053
3290,0.225673446655
3291,0.421880989075
3292,0.315859107971
3293,0.400287971497
3294,0.205451717377
3295,0.262644844055
3296,0.199402198792
3297,0.305606918335
3298,0.408068084717
3299,0.136783075333
3300,0.351976127625
3301,0.282250843048
3302,0.447345428467
3303,0.219251785278
3304,0.211031665802
3305,0.23879945755
3306,0.435892791748
3307,0.264448719025
3308,0.301476726532
3309,0.220166683197
3310,0.477877845764
3311,0.475551528931
3312,0.24992855072
3313,0.252583847046
3314,0.381130218506
3315,0.492118797302
3316,0.428470649719
3317,0.368526535034
3318,0.331765136719
3319,0.345317382813
3320,0.361402702332
3321,0.427508621216
3322,0.373599891663
3323,0.457324714661
3324,0.537283210754
3325,0.153746843338
3326,0.276518497467
3327,0.147689123154
3328,0.216216888428
3329,0.253146743774
3330,0.629536705017
3331,0.312436141968
3332,0.358434371948
3333,0.49203754425
3334,0.103375434875
3335,0.210215606689
3336,0.232856559753
3337,0.441843528748
3338,0.406035881042
3339,0.244584960938
3340,0.561412696838
3341,0.142863016129
3342,0.323453903198
3343,0.204348526001
3344,0.212417583466
3345,0.492500686646
3346,0.191633911133
3347,0.393598823547
3348,0.323307685852
3349,0.375729484558
3350,0.622986984253
3351,0.149724245071
3352,0.441446342468
3353,0.212918663025
3354,0.173933105469
3355,0.514660453796
3356,0.177171516418
3357,0.449546432495
3358,0.316500301361
3359,0.545013389587
3360,0.471213645935
3361,0.409373474121
3362,0.259276256561
3363,0.158317089081
3364,0.444421463013
3365,0.365034446716
3366,0.545395278931
3367,0.320890197754
3368,0.41283996582
3369,0.356020927429
3370,0.267655982971
3371,0.33022819519
3372,0.307508010864
3373,0.279436664581
3374,0.414801254272
3375,0.207996730804
3376,0.172724323273
3377,0.209788856506
3378,0.284411659241
3379,0.430723075867
3380,0.322257728577
3381,0.494456214905
3382,0.230712776184
3383,0.262988166809
3384,0.126227865219
3385,0.254873733521
3386,0.309218044281
3387,0.170597820282
3388,0.299148578644
3389,0.154247350693
3390,0.418936004639
3391,0.269150066376
3392,0.416958885193
3393,0.530798988342
3394,0.151990098953
3395,0.46356300354
3396,0.227331314087
3397,0.182317447662
3398,0.205550422668
3399,0.278677597046
3400,0.288997840881
3401,0.355194587708
3402,0.627409591675
3403,0.48700012207
3404,0.652217483521
3405,0.517577552795
3406,0.238110103607
3407,0.396962089539
3408,0.231278076172
3409,0.263581771851
3410,0.263615875244
3411,0.112497320175
3412,0.541374702454
3413,0.148597450256
3414,0.264376716614
3415,0.472178077698
3416,0.615877494812
3417,0.297953968048
3418,0.298903179169
3419,0.199199848175
3420,0.669126739502
3421,0.358529167175
3422,0.668093643188
3423,0.425471458435
3424,0.169364566803
3425,0.243382110596
3426,0.327019920349
3427,0.264941310883
3428,0.171326122284
3429,0.201876144409
3430,0.282957458496
3431,0.163841018677
3432,0.65156463623
3433,0.911055526733
3434,0.588868255615
3435,0.396126327515
3436,0.209447822571
3437,0.275953941345
3438,0.187018318176
3439,0.297039413452
3440,0.655211105347
3441,0.409547119141
3442,0.174163799286
3443,0.243056774139
3444,0.40203250885
3445,0.363677749634
3446,0.300303611755
3447,0.270214328766
3448,0.433161582947
3449,0.332634162903
3450,0.296302928925
3451,0.442644920349
3452,0.456468276978
3453,0.27570400238
3454,0.169717845917
3455,0.356415176392
3456,0.397497711182
3457,0.277606372833
3458,0.504966850281
3459,0.282443675995
3460,0.179642925262
3461,0.26416934967
3462,0.169578361511
3463,0.195953426361
3464,0.164210262299
3465,0.504738616943
3466,0.196284370422
3467,0.201454925537
3468,0.518782196045
3469,0.233333930969
3470,0.330866737366
3471,0.235972976685
3472,0.411669197083
3473,0.265714817047
3474,0.248832778931
3475,0.305713367462
3476,0.2853332901
3477,0.217085933685
3478,0.49840801239
3479,0.381960678101
3480,0.22170879364
3481,0.357665672302
3482,0.21363368988
3483,0.129645929337
3484,0.245774269104
3485,0.24580121994
3486,0.409277687073
3487,0.474447212219
3488,0.352024993896
3489,0.272485656738
3490,0.143022260666
3491,0.200342311859
3492,0.373156661987
3493,0.292192878723
3494,0.288030490875
3495,0.12489356041
3496,0.239479923248
3497,0.209863147736
3498,0.430306663513
3499,0.332809333801
3500,0.463070831299
3501,0.731098098755
3502,0.370487480164
3503,0.219571838379
3504,0.274406681061
3505,0.477162895203
3506,0.562422027588
3507,0.203536605835
3508,0.228442840576
3509,0.428135032654
3510,0.229202365875
3511,0.239284152985
3512,0.34195892334
3513,0.197800807953
3514,0.191187477112
3515,0.328028907776
3516,0.21393743515
3517,0.154955654144
3518,0.235358371735
3519,0.319611721039
3520,0.341085319519
3521,0.105861263275
3522,0.399012527466
3523,0.340230293274
3524,0.480503387451
3525,0.533088684082
3526,0.392999191284
3527,0.311821422577
3528,0.342523040771
3529,0.0551026201248
3530,0.396455001831
3531,0.317614002228
3532,0.464828910828
3533,0.186050262451
3534,0.343507461548
3535,0.4175548172
3536,0.248763942719
3537,0.177535839081
3538,0.594222755432
3539,0.191910858154
3540,0.246141223907
3541,0.346308670044
3542,0.173988265991
3543,0.299087905884
3544,0.194175491333
3545,0.194185256958
3546,0.155107851028
3547,0.889060897827
3548,0.360085639954
3549,0.457206039429
3550,0.598342399597
3551,0.914881286621
3552,0.302654285431
3553,0.264508743286
3554,0.474981613159
3555,0.633698120117
3556,0.480680923462
3557,0.719702987671
3558,0.557248878479
3559,0.129190139771
3560,0.291837711334
3561,0.389167900085
3562,0.505181922913
3563,0.493779830933
3564,0.162698879242
3565,0.27575220108
3566,0.508362503052
3567,0.314309310913
3568,0.317166118622
3569,0.308195590973
3570,0.266452770233
3571,0.282163658142
3572,0.224363365173
3573,0.455116500854
3574,0.158494977951
3575,0.816028213501
3576,0.545643119812
3577,0.546600074768
3578,0.293396778107
3579,0.185804386139
3580,0.16330280304
3581,0.358676719666
3582,0.369400291443
3583,0.100594120026
3584,0.12714676857
3585,0.196408939362
3586,0.329855690002
3587,0.321094474792
3588,0.10784693718
3589,0.306903839111
3590,0.244732513428
3591,0.250539627075
3592,0.301854400635
3593,0.307318973541
3594,0.203229427338
3595,0.199529666901
3596,0.335293312073
3597,0.203145027161
3598,0.546573791504
3599,0.209736824036
3600,0.470433044434
3601,0.117968101501
3602,0.280037956238
3603,0.26414894104
3604,0.122285423279
3605,0.332272109985
3606,0.428020248413
3607,0.386991653442
3608,0.52504486084
3609,0.336123428345
3610,0.252076129913
3611,0.424701919556
3612,0.195201396942
3613,0.118613634109
3614,0.375585517883
3615,0.266916046143
3616,0.248434371948
3617,0.455776481628
3618,0.282289962769
3619,0.251209411621
3620,0.622866325378
3621,0.578628578186
3622,0.384150695801
3623,0.250284633636
3624,0.176007404327
3625,0.371105575562
3626,0.195602760315
3627,0.357574043274
3628,0.330910949707
3629,0.199033756256
3630,0.331290016174
3631,0.34754108429
3632,0.154977636337
3633,0.384427757263
3634,0.325084686279
3635,0.275081233978
3636,0.35584854126
3637,0.641842880249
3638,0.246356735229
3639,0.381037139893
3640,0.225476093292
3641,0.324898147583
3642,0.213186683655
3643,0.189992237091
3644,0.252679290771
3645,0.177694721222
3646,0.277669620514
3647,0.362526664734
3648,0.221614189148
3649,0.210291500092
3650,0.448198623657
3651,0.197880706787
3652,0.0965263080597
3653,0.40591545105
3654,0.452152061462
3655,0.147739591599
3656,0.23572227478
3657,0.181668338776
3658,0.544179878235
3659,0.339983177185
3660,0.372940750122
3661,0.2779246521
3662,0.287869091034
3663,0.245504779816
3664,0.190007381439
3665,0.362840270996
3666,0.200886669159
3667,0.290973358154
3668,0.215605545044
3669,0.248259162903
3670,0.693778381348
3671,0.170763092041
3672,0.398794784546
3673,0.264233036041
3674,0.440328788757
3675,0.356427192688
3676,0.2
3677,0.372892608643
3678,0.303726406097
3679,0.537649002075
3680,0.352943916321
3681,0.290478591919
3682,0.264710960388
3683,0.313923225403
3684,0.301390228271
3685,0.223676433563
3686,0.151951236725
3687,0.22074016571
3688,0.207182998657
3689,0.227982406616
3690,0.361820220947
3691,0.321451225281
3692,0.237710132599
3693,0.261045780182
3694,0.236531562805
3695,0.324119644165
3696,0.542572402954
3697,0.127849302292
3698,0.227121887207
3699,0.22124458313
3700,0.339639701843
3701,0.207769832611
3702,0.345986862183
3703,0.432891197205
3704,0.345611152649
3705,0.36267868042
3706,0.239282970428
3707,0.395779800415
3708,0.601969108582
3709,0.427832145691
3710,0.182344512939
3711,0.12412987709
3712,0.365017852783
3713,0.655657043457
3714,0.288740005493
3715,0.291914348602
3716,0.275700588226
3717,0.21250421524
3718,0.30694978714
3719,0.45702545166
3720,0.143703384399
3721,0.378307609558
3722,0.254364070892
3723,0.220057315826
3724,0.600499267578
3725,0.402951698303
3726,0.247948226929
3727,0.205440311432
3728,0.182344589233
3729,0.246985187531
3730,0.250719394684
3731,0.323376808167
3732,0.276476364136
3733,0.286773071289
3734,0.280450057983
3735,0.286993751526
3736,0.125308465958
3737,0.186788349152
3738,0.30532875061
3739,0.202829666138
3740,0.266181049347
3741,0.151985645294
3742,0.252811317444
3743,0.212715110779
3744,0.451886482239
3745,0.289496898651
3746,0.255606441498
3747,0.348740882874
3748,0.163842601776
3749,0.496594009399
3750,0.20494020462
3751,0.213797492981
3752,0.209550151825
3753,0.232076702118
3754,0.151464929581
3755,0.27423538208
3756,0.169203643799
3757,0.495705833435
3758,0.583525733948
3759,0.285290699005
3760,0.477317962646
3761,0.24651720047
3762,0.245608673096
3763,0.418353729248
3764,0.238861083984
3765,0.244272727966
3766,0.252959251404
3767,0.35772102356
3768,0.446390533447
3769,0.23260017395
3770,0.66894203186
3771,0.168753948212
3772,0.248222732544
3773,0.691202011108
3774,0.349553756714
3775,0.39097946167
3776,0.318422794342
3777,0.218586120605
3778,0.411571922302
3779,0.533834877014
3780,0.372723045349
3781,0.417757339478
3782,0.312103042603
3783,0.157244911194
3784,0.35917049408
3785,0.360410232544
3786,0.259612178802
3787,0.541065750122
3788,0.239784049988
3789,0.219300556183
3790,0.309360961914
3791,0.315866146088
3792,0.579635467529
3793,0.244204101562
3794,0.493290863037
3795,0.307867126465
3796,0.181502933502
3797,0.479445877075
3798,0.355540428162
3799,0.380670547485
3800,0.487284698486
3801,0.429817047119
3802,0.0756014299393
3803,0.343747673035
3804,0.193505878448
3805,0.435840377808
3806,0.203916110992
3807,0.236923046112
3808,0.297204914093
3809,0.287894630432
3810,0.227658443451
3811,0.419706687927
3812,0.290508594513
3813,0.407997360229
3814,0.616997909546
3815,0.570669288635
3816,0.250307273865
3817,0.422781524658
3818,0.233886814117
3819,0.188945960999
3820,0.223635883331
3821,0.279970397949
3822,0.211662788391
3823,0.644717330933
3824,0.241115436554
3825,0.230884819031
3826,0.498759651184
3827,0.290307102203
3828,0.253505134583
3829,0.181919746399
3830,0.748985977173
3831,0.527679100037
3832,0.199211940765
3833,0.438235931396
3834,0.185905475616
3835,0.287943210602
3836,0.34368888855
3837,0.554192886353
3838,0.158553285599
3839,0.0916223812103
3840,0.0743051338196
3841,0.165142021179
3842,0.295105648041
3843,0.304416236877
3844,0.215727901459
3845,0.353300132751
3846,0.21769077301
3847,0.375948524475
3848,0.415074539185
3849,0.427979888916
3850,0.33593006134
3851,0.370335197449
3852,0.182954006195
3853,0.193690223694
3854,0.156901226044
3855,0.356452674866
3856,0.348083229065
3857,0.29061208725
3858,0.242171115875
3859,0.272783927917
3860,0.384649963379
3861,0.533174438477
3862,0.395009155273
3863,0.370297164917
3864,0.273028297424
3865,0.346738815308
3866,0.23414396286
3867,0.467852363586
3868,0.456913757324
3869,0.158086652756
3870,0.335899620056
3871,0.452185707092
3872,0.266544017792
3873,0.392702026367
3874,0.511984291077
3875,0.246001377106
3876,0.19030670166
3877,0.154236774445
3878,0.245170173645
3879,0.666170883179
3880,0.15368019104
3881,0.472296142578
3882,0.157255592346
3883,0.234699401855
3884,0.288425102234
3885,0.312444000244
3886,0.286067390442
3887,0.244433250427
3888,0.206548728943
3889,0.308058662415
3890,0.187303657532
3891,0.300953941345
3892,0.560205078125
3893,0.511421699524
3894,0.227538280487
3895,0.243387756348
3896,0.277182826996
3897,0.257735977173
3898,0.458030548096
3899,0.213490467072
3900,0.374748382568
3901,0.4082081604
3902,0.260047397614
3903,0.150013017654
3904,0.207408504486
3905,0.738074035645
3906,0.354399032593
3907,0.388142318726
3908,0.51271812439
3909,0.241925563812
3910,0.194034080505
3911,0.611459197998
3912,0.268349552155
3913,0.273472061157
3914,0.360616264343
3915,0.626800193787
3916,0.403283615112
3917,0.409664955139
3918,0.310406303406
3919,0.289709873199
3920,0.268813610077
3921,0.210349636078
3922,0.264554538727
3923,0.539609451294
3924,0.164127807617
3925,0.37116645813
3926,0.148564319611
3927,0.21279253006
3928,0.374129676819
3929,0.319148921967
3930,0.163681926727
3931,0.222285270691
3932,0.178593902588
3933,0.455170021057
3934,0.36736831665
3935,0.117583150864
3936,0.260725917816
3937,0.14258187294
3938,0.2572108078
3939,0.266803684235
3940,0.224313163757
3941,0.193118858337
3942,0.234240760803
3943,0.334357948303
3944,0.195912322998
3945,0.156858043671
3946,0.207951335907
3947,0.404293670654
3948,0.262702713013
3949,0.529750061035
3950,0.481179275513
3951,0.475142593384
3952,0.346890678406
3953,0.46455242157
3954,0.521177406311
3955,0.38975605011
3956,0.289161777496
3957,0.305882587433
3958,0.446021499634
3959,0.2
3960,0.149323511124
3961,0.638033485413
3962,0.274787845612
3963,0.439385528564
3964,0.346330795288
3965,0.160017261505
3966,0.466702613831
3967,0.242478847504
3968,0.695573043823
3969,0.40927936554
3970,0.527968177795
3971,0.362029800415
3972,0.15684211731
3973,0.277950267792
3974,0.224856109619
3975,0.665974349976
3976,0.428935203552
3977,0.398153839111
3978,0.267321891785
3979,0.241318492889
3980,0.289935092926
3981,0.249379844666
3982,0.503423271179
3983,0.220150966644
3984,0.157467288971
3985,0.691228866577
3986,0.894423828125
3987,0.542926292419
3988,0.17826795578
3989,0.67538444519
3990,0.411095199585
3991,0.310911273956
3992,0.292980957031
3993,0.369253082275
3994,0.267266387939
3995,0.571008872986
3996,0.109264316559
3997,0.383001594543
3998,0.241919326782
3999,0.256622161865
4000,0.291084976196
4001,0.299953651428
4002,0.239889698029
4003,0.375711326599
4004,0.261416969299
4005,0.455541038513
4006,0.178913002014
4007,0.29810541153
4008,0.308490772247
4009,0.349258804321
4010,0.3650390625
4011,0.30338054657
4012,0.197130355835
4013,0.188405914307
4014,0.372169723511
4015,0.403385391235
4016,0.300998325348
4017,0.263511638641
4018,0.237713260651
4019,0.422295036316
4020,0.434469909668
4021,0.136863231659
4022,0.200520515442
4023,0.334201698303
4024,0.278112602234
4025,0.492505760193
4026,0.520840797424
4027,0.34267288208
4028,0.428779182434
4029,0.348774909973
4030,0.587614135742
4031,0.234969615936
4032,0.406142921448
4033,0.171419525146
4034,0.188419189453
4035,0.233532962799
4036,0.379443016052
4037,0.172682781219
4038,0.229561233521
4039,0.413040504456
4040,0.315662536621
4041,0.335131340027
4042,0.207805347443
4043,0.246924800873
4044,0.456121940613
4045,0.343223495483
4046,0.279291706085
4047,0.211213169098
4048,0.418747673035
4049,0.179339084625
4050,0.194971084595
4051,0.240771408081
4052,0.248338394165
4053,0.17984331131
4054,0.171804904938
4055,0.30654460907
4056,0.556393013
4057,0.448206710815
4058,0.347476577759
4059,0.317761135101
4060,0.54699836731
4061,0.499541702271
4062,0.137082033157
4063,0.312862911224
4064,0.161531505585
4065,0.190881328583
4066,0.751430587769
4067,0.545551872253
4068,0.357487068176
4069,0.320137710571
4070,0.188425521851
4071,0.592640762329
4072,0.378154830933
4073,0.615276184082
4074,0.866622009277
4075,0.255664463043
4076,0.258790931702
4077,0.416760978699
4078,0.35905834198
4079,0.407521438599
4080,0.429514579773
4081,0.461377220154
4082,0.186786804199
4083,0.427061080933
4084,0.25655002594
4085,0.350353355408
4086,0.154257955551
4087,0.259853782654
4088,0.270862388611
4089,0.233053627014
4090,0.333444099426
4091,0.466514854431
4092,0.544464492798
4093,0.311380329132
4094,0.213903217316
4095,0.248986244202
4096,0.49030216217
4097,0.196400470734
4098,0.302913265228
4099,0.467699966431
4100,0.320270423889
4101,0.410946235657
4102,0.267532558441
4103,0.309366054535
4104,0.227740745544
4105,0.301329517365
4106,0.198006076813
4107,0.205402088165
4108,0.651662521362
4109,0.257181739807
4110,0.280130062103
4111,0.274237232208
4112,0.368359184265
4113,0.315826816559
4114,0.343340301514
4115,0.186389255524
4116,0.145637779236
4117,0.448089027405
4118,0.535456733704
4119,0.271610946655
4120,0.205720920563
4121,0.16765794754
4122,0.16843629837
4123,0.177385501862
4124,0.397183227539
4125,0.374946060181
4126,0.577041931152
4127,0.159490566254
4128,0.336733131409
4129,0.503390350342
4130,0.284336872101
4131,0.619799499512
4132,0.423774604797
4133,0.2
4134,0.45620174408
4135,0.0818419742584
4136,0.505835418701
4137,0.509564933777
4138,0.354774780273
4139,0.212675056458
4140,0.330540885925
4141,0.249049015045
4142,0.419108848572
4143,0.302281322479
4144,0.404185791016
4145,0.380923728943
4146,0.292392749786
4147,0.171516666412
4148,0.368130912781
4149,0.416756706238
4150,0.330774459839
4151,0.363467712402
4152,0.298680953979
4153,0.326532707214
4154,0.179058189392
4155,0.339112548828
4156,0.346911392212
4157,0.296075515747
4158,0.163093566895
4159,0.279289264679
4160,0.597813339233
4161,0.290294418335
4162,0.450483589172
4163,0.310875377655
4164,0.274509468079
4165,0.246443710327
4166,0.205460472107
4167,0.905320510864
4168,0.290708446503
4169,0.236405220032
4170,0.277460136414
4171,0.453597602844
4172,0.220908069611
4173,0.387192115784
4174,0.224759845734
4175,0.458157844543
4176,0.259447441101
4177,0.256083641052
4178,0.142530918121
4179,0.355965919495
4180,0.285247955322
4181,0.24236782074
4182,0.275455341339
4183,0.170464916229
4184,0.139823045731
4185,0.33104675293
4186,0.25781829834
4187,0.274546337128
4188,0.220892944336
4189,0.16780960083
4190,0.32041633606
4191,0.285042953491
4192,0.228072509766
4193,0.410641212463
4194,0.153297100067
4195,0.247973175049
4196,0.323147735596
4197,0.367964057922
4198,0.221166591644
4199,0.371599311829
4200,0.474952888489
4201,0.549849815369
4202,0.477876396179
4203,0.450410461426
4204,0.32563041687
4205,0.311375026703
4206,0.381057472229
4207,0.262277545929
4208,0.195298748016
4209,0.166771965027
4210,0.297022228241
4211,0.23548625946
4212,0.312302017212
4213,0.364581260681
4214,0.276539154053
4215,0.348498039246
4216,0.35875579834
4217,0.493783988953
4218,0.219160308838
4219,0.494292373657
4220,0.168676662445
4221,0.334681587219
4222,0.22593624115
4223,0.393018760681
4224,0.418821182251
4225,0.244002513885
4226,0.24793794632
4227,0.39937297821
4228,0.376967887878
4229,0.24732126236
4230,0.336175270081
4231,0.286728363037
4232,0.312124176025
4233,0.281348056793
4234,0.167745037079
4235,0.172559318542
4236,0.176297187805
4237,0.338232803345
4238,0.314201793671
4239,0.767495040894
4240,0.52117225647
4241,0.235437583923
4242,0.460420570374
4243,0.10935464859
4244,0.713087539673
4245,0.237611446381
4246,0.290533428192
4247,0.628531188965
4248,0.714777069092
4249,0.135611600876
4250,0.727726898193
4251,0.28302570343
4252,0.237017841339
4253,0.253925380707
4254,0.171032314301
4255,0.189713401794
4256,0.430779037476
4257,0.277830429077
4258,0.286333808899
4259,0.39351726532
4260,0.36645690918
4261,0.46718837738
4262,0.298996601105
4263,0.335610542297
4264,0.149770126343
4265,0.364016723633
4266,0.386170043945
4267,0.321757545471
4268,0.549013671875
4269,0.652355117798
4270,0.610722770691
4271,0.533421440125
4272,0.393781509399
4273,0.206288414001
4274,0.238300018311
4275,0.183936977386
4276,0.231211643219
4277,0.503022079468
4278,0.318744735718
4279,0.236085395813
4280,0.455582923889
4281,0.313482627869
4282,0.321289672852
4283,0.283329277039
4284,0.224449481964
4285,0.224616565704
4286,0.2217436409
4287,0.194689693451
4288,0.44549659729
4289,0.201430225372
4290,0.452790031433
4291,0.477476081848
4292,0.510897789001
4293,0.179161071777
4294,0.255025005341
4295,0.249739952087
4296,0.190525283813
4297,0.163909988403
4298,0.376294364929
4299,0.14989367485
4300,0.42261341095
4301,0.385846290588
4302,0.56431842804
4303,0.259847354889
4304,0.463431167603
4305,0.341330833435
4306,0.430766334534
4307,0.470419387817
4308,0.487264785767
4309,0.208824176788
4310,0.160533599854
4311,0.339873428345
4312,0.374726486206
4313,0.191097488403
4314,0.274459514618
4315,0.365448570251
4316,0.402774620056
4317,0.429006576538
4318,0.148501234055
4319,0.334509124756
4320,0.41792175293
4321,0.488239707947
4322,0.265568809509
4323,0.558524475098
4324,0.82561630249
4325,0.747189559937
4326,0.36164276123
4327,0.134747772217
4328,0.30753446579
4329,0.170542049408
4330,0.187774372101
4331,0.316995315552
4332,0.204910640717
4333,0.321483078003
4334,0.417661361694
4335,0.173116912842
4336,0.242579479218
4337,0.499502983093
4338,0.258333415985
4339,0.284027786255
4340,0.395775680542
4341,0.331641845703
4342,0.34638469696
4343,0.253238620758
4344,0.398362693787
4345,0.180720119476
4346,0.29596326828
4347,0.339057998657
4348,0.324453201294
4349,0.355533561707
4350,0.552633171082
4351,0.457548408508
4352,0.146635408401
4353,0.410302963257
4354,0.393017425537
4355,0.16884929657
4356,0.342728652954
4357,0.401710891724
4358,0.177588291168
4359,0.393603553772
4360,0.219773731232
4361,0.209566726685
4362,0.209027824402
4363,0.513239860535
4364,0.496153717041
4365,0.838790054321
4366,0.289106998444
4367,0.239539394379
4368,0.262511539459
4369,0.170912227631
4370,0.262643260956
4371,0.332381019592
4372,0.27905298233
4373,0.501615638733
4374,0.407122955322
4375,0.312940502167
4376,0.286891269684
4377,0.287328796387
4378,0.323429679871
4379,0.483891525269
4380,0.185623207092
4381,0.138390045166
4382,0.223511943817
4383,0.409586791992
4384,0.292462329865
4385,0.198228206635
4386,0.262235164642
4387,0.150268669128
4388,0.576874046326
4389,0.224771766663
4390,0.242651329041
4391,0.361251106262
4392,0.331972045898
4393,0.223903121948
4394,0.754559936523
4395,0.303803348541
4396,0.514424171448
4397,0.681733016968
4398,0.20122303009
4399,0.516551818848
4400,0.288231906891
4401,0.226681156158
4402,0.328700485229
4403,0.267811565399
4404,0.263801651001
4405,0.375867347717
4406,0.204032554626
4407,0.155244121552
4408,0.101761484146
4409,0.292585258484
4410,0.301470336914
4411,0.218880786896
4412,0.267634544373
4413,0.458425331116
4414,0.231946487427
4415,0.236339607239
4416,0.297127628326
4417,0.406326255798
4418,0.530376586914
4419,0.415315055847
4420,0.307160263062
4421,0.314279937744
4422,0.601458358765
4423,0.306171321869
4424,0.213446464539
4425,0.411902732849
4426,0.327214546204
4427,0.234725761414
4428,0.167395420074
4429,0.243922729492
4430,0.355279121399
4431,0.345967216492
4432,0.278625602722
4433,0.171907463074
4434,0.259286785126
4435,0.325609970093
4436,0.272722396851
4437,0.434121131897
4438,0.337115936279
4439,0.551105880737
4440,0.360906105042
4441,0.424375839233
4442,0.133394870758
4443,0.236985702515
4444,0.18044927597
4445,0.580600280762
4446,0.210168647766
4447,0.364411659241
4448,0.405915756226
4449,0.378067321777
4450,0.473154296875
4451,0.215998897552
4452,0.270499153137
4453,0.305060596466
4454,0.616968803406
4455,0.29629234314
4456,0.200372619629
4457,0.150403661728
4458,0.282761001587
4459,0.207854576111
4460,0.23424156189
4461,0.415222091675
4462,0.345085258484
4463,0.19779800415
4464,0.333565101624
4465,0.506363182068
4466,0.468287086487
4467,0.516797904968
4468,0.221014060974
4469,0.521295471191
4470,0.301786594391
4471,0.410467414856
4472,0.294670219421
4473,0.264076919556
4474,0.251545467377
4475,0.200216560364
4476,0.256295833588
4477,0.313188247681
4478,0.357044830322
4479,0.187592411041
4480,0.157864580154
4481,0.447273864746
4482,0.426586914062
4483,0.35965221405
4484,0.301629714966
4485,0.428164749146
4486,0.381371765137
4487,0.171667041779
4488,0.261726894379
4489,0.455845375061
4490,0.31317779541
4491,0.414249076843
4492,0.231600513458
4493,0.363262863159
4494,0.447575569153
4495,0.595219268799
4496,0.452641906738
4497,0.278058452606
4498,0.353091163635
4499,0.347492485046
4500,0.248328971863
4501,0.175418643951
4502,0.312218055725
4503,0.142308502197
4504,0.23370513916
4505,0.239959716797
4506,0.204403991699
4507,0.198764972687
4508,0.359819984436
4509,0.589238319397
4510,0.459019889832
4511,0.204275474548
4512,0.276785373688
4513,0.254793663025
4514,0.218760147095
4515,0.43102684021
4516,0.269036655426
4517,0.202691574097
4518,0.183004417419
4519,0.249290771484
4520,0.313194026947
4521,0.333296318054
4522,0.210033016205
4523,0.214947891235
4524,0.402298431396
4525,0.627415657043
4526,0.192443962097
4527,0.634520225525
4528,0.447442398071
4529,0.281486186981
4530,0.407078170776
4531,0.323746948242
4532,0.197503910065
4533,0.269046936035
4534,0.379597511292
4535,0.37240486145
4536,0.325148353577
4537,0.335067367554
4538,0.254281253815
4539,0.317179489136
4540,0.44960559845
4541,0.269153175354
4542,0.360650978088
4543,0.578879318237
4544,0.348318901062
4545,0.383275794983
4546,0.288049068451
4547,0.539711456299
4548,0.283192691803
4549,0.409531211853
4550,0.305824489594
4551,0.335574569702
4552,0.13135591507
4553,0.448692207336
4554,0.595562324524
4555,0.253497982025
4556,0.635661315918
4557,0.579139442444
4558,0.267729415894
4559,0.461491241455
4560,0.450513954163
4561,0.219928703308
4562,0.516051826477
4563,0.608026809692
4564,0.209329395294
4565,0.250248260498
4566,0.22444190979
4567,0.297855701447
4568,0.50494178772
4569,0.514589004517
4570,0.526830787659
4571,0.275103359222
4572,0.157300100327
4573,0.232301254272
4574,0.280404624939
4575,0.283552532196
4576,0.530222892761
4577,0.141894845963
4578,0.255819702148
4579,0.296430339813
4580,0.117389764786
4581,0.32815120697
4582,0.391654586792
4583,0.392174491882
4584,0.231371421814
4585,0.0958729839325
4586,0.532025108337
4587,0.292603702545
4588,0.245334243774
4589,0.3753465271
4590,0.164718475342
4591,0.428833618164
4592,0.242590656281
4593,0.26021446228
4594,0.24528345108
4595,0.353760223389
4596,0.404476852417
4597,0.530286407471
4598,0.150523090363
4599,0.207038669586
4600,0.52397605896
4601,0.522524757385
4602,0.570700912476
4603,0.292745628357
4604,0.201087207794
4605,0.422254753113
4606,0.19683259964
4607,0.198693561554
4608,0.306885433197
4609,0.506244125366
4610,0.306012744904
4611,0.330002861023
4612,0.276429080963
4613,0.289109783173
4614,0.431053123474
4615,0.469206924438
4616,0.086186132431
4617,0.506152153015
4618,0.412381210327
4619,0.403328132629
4620,0.261978969574
4621,0.339879493713
4622,0.507013893127
4623,0.501964302063
4624,0.469101753235
4625,0.469802513123
4626,0.368716697693
4627,0.186122207642
4628,0.204998950958
4629,0.852872848511
4630,0.285942649841
4631,0.108736467361
4632,0.11675819397
4633,0.213735752106
4634,0.587838401794
4635,0.348077125549
4636,0.401966552734
4637,0.544577064514
4638,0.219153385162
4639,0.319558448792
4640,0.462914466858
4641,0.144925937653
4642,0.204918556213
4643,0.520004081726
4644,0.237865810394
4645,0.555158309937
4646,0.503333702087
4647,0.364762458801
4648,0.305727653503
4649,0.414073143005
4650,0.327777633667
4651,0.628149833679
4652,0.325049972534
4653,0.232098636627
4654,0.349767723083
4655,0.348614730835
4656,0.184387550354
4657,0.225855865479
4658,0.356928138733
4659,0.234835243225
4660,0.603813438416
4661,0.435654602051
4662,0.502505722046
4663,0.374299163818
4664,0.406802825928
4665,0.178472919464
4666,0.257034416199
4667,0.102813987732
4668,0.199255142212
4669,0.19602432251
4670,0.174987545013
4671,0.503946914673
4672,0.488765678406
4673,0.219535045624
4674,0.412656898499
4675,0.274535274506
4676,0.611389503479
4677,0.399378890991
4678,0.268371868134
4679,0.161218414307
4680,0.16584312439
4681,0.154911022186
4682,0.399791221619
4683,0.160802230835
4684,0.461465988159
4685,0.103343439102
4686,0.184164123535
4687,0.228254585266
4688,0.0905081176758
4689,0.366720123291
4690,0.30148267746
4691,0.173508014679
4692,0.567654457092
4693,0.3346144104
4694,0.286506328583
4695,0.253168411255
4696,0.176475257874
4697,0.27093585968
4698,0.455571670532
4699,0.250213832855
4700,0.220167579651
4701,0.578330383301
4702,0.750941238403
4703,0.441659622192
4704,0.392530670166
4705,0.239083709717
4706,0.47332611084
4707,0.514558563232
4708,0.297199878693
4709,0.183849067688
4710,0.0993310451508
4711,0.131041078568
4712,0.1496210289
4713,0.271051712036
4714,0.780164642334
4715,0.153315315247
4716,0.644456634521
4717,0.61186290741
4718,0.213446063995
4719,0.447590827942
4720,0.390706748962
4721,0.230331439972
4722,0.355146179199
4723,0.498660736084
4724,0.0754200983047
4725,0.268885917664
4726,0.357435150146
4727,0.3777293396
4728,0.218041095734
4729,0.194271831512
4730,0.172823123932
4731,0.163646202087
4732,0.462615623474
4733,0.401534347534
4734,0.199860019684
4735,0.576710777283
4736,0.239010219574
4737,0.180748405457
4738,0.511564712524
4739,0.563367958069
4740,0.404214630127
4741,0.303789405823
4742,0.305869636536
4743,0.273957958221
4744,0.441036720276
4745,0.2
4746,0.273826560974
4747,0.148303422928
4748,0.481841201782
4749,0.461632232666
4750,0.593103904724
4751,0.342316932678
4752,0.135589370728
4753,0.246529750824
4754,0.318782081604
4755,0.196672935486
4756,0.433288078308
4757,0.222875995636
4758,0.406685180664
4759,0.156137552261
4760,0.165266952515
4761,0.154700431824
4762,0.461069068909
4763,0.502992782593
4764,0.286114616394
4765,0.432434501648
4766,0.246623134613
4767,0.251427955627
4768,0.493598327637
4769,0.193009166718
4770,0.291338539124
4771,0.233123207092
4772,0.146910495758
4773,0.147362413406
4774,0.2254637146
4775,0.287022628784
4776,0.316840744019
4777,0.359876098633
4778,0.331935119629
4779,0.368257598877
4780,0.337372665405
4781,0.304437446594
4782,0.343680229187
4783,0.232406291962
4784,0.405120544434
4785,0.21573266983
4786,0.229531230927
4787,0.213864269257
4788,0.328459358215
4789,0.185142250061
4790,0.326015396118
4791,0.44669467926
4792,0.215939388275
4793,0.363569068909
4794,0.251100673676
4795,0.310550498962
4796,0.503158912659
4797,0.15602771759
4798,0.234420871735
4799,0.351670913696
4800,0.193831138611
4801,0.398044090271
4802,0.264844551086
4803,0.388380355835
4804,0.324725761414
4805,0.204221229553
4806,0.178327770233
4807,0.312707214355
4808,0.157151203156
4809,0.146710472107
4810,0.183344039917
4811,0.194294376373
4812,0.321859092712
4813,0.441707305908
4814,0.265619812012
4815,0.272698192596
4816,0.261793251038
4817,0.291088676453
4818,0.225194206238
4819,0.377809257507
4820,0.182602272034
4821,0.342790870667
4822,0.263456401825
4823,0.222882766724
4824,0.247457313538
4825,0.161521263123
4826,0.138648071289
4827,0.112575445175
4828,0.287525234222
4829,0.376114082336
4830,0.372739906311
4831,0.14303237915
4832,0.217843341827
4833,0.158035755157
4834,0.272420043945
4835,0.145323858261
4836,0.266534442902
4837,0.301414985657
4838,0.411650886536
4839,0.156039361954
4840,0.427298774719
4841,0.529270172119
4842,0.199152927399
4843,0.464371528625
4844,0.378867225647
4845,0.453704605103
4846,0.43772895813
4847,0.251644306183
4848,0.247080287933
4849,0.438219490051
4850,0.308022518158
4851,0.26085603714
4852,0.476285095215
4853,0.15515124321
4854,0.373048858643
4855,0.281473636627
4856,0.161431808472
4857,0.738652496338
4858,0.265330085754
4859,0.559785728455
4860,0.42957359314
4861,0.444426040649
4862,0.237957305908
4863,0.278366909027
4864,0.22963640213
4865,0.320918807983
4866,0.147381792068
4867,0.222882976532
4868,0.231303920746
4869,0.191200313568
4870,0.267577991486
4871,0.174086303711
4872,0.32655796051
4873,0.163641586304
4874,0.0784082794189
4875,0.182926254272
4876,0.329792366028
4877,0.24763961792
4878,0.334731445312
4879,0.272580337524
4880,0.309982452393
4881,0.229318065643
4882,0.174050350189
4883,0.222808303833
4884,0.348379058838
4885,0.379343948364
4886,0.222514362335
4887,0.189727878571
4888,0.232211952209
4889,0.156183633804
4890,0.328978233337
4891,0.234551200867
4892,0.21091840744
4893,0.397771949768
4894,0.236327152252
4895,0.203761024475
4896,0.328921852112
4897,0.291016330719
4898,0.146987218857
4899,0.166389980316
4900,0.223992271423
4901,0.30806728363
4902,0.388012619019
4903,0.429906158447
4904,0.150263500214
4905,0.157311859131
4906,0.456322937012
4907,0.182928943634
4908,0.515031471252
4909,0.204767665863
4910,0.210374851227
4911,0.277065944672
4912,0.411054191589
4913,0.402034301758
4914,0.131267900467
4915,0.366042137146
4916,0.323292160034
4917,0.211210670471
4918,0.15070268631
4919,0.277985038757
4920,0.285798683167
4921,0.250826091766
4922,0.248389129639
4923,0.215807132721
4924,0.251785488129
4925,0.454715919495
4926,0.251459541321
4927,0.275521697998
4928,0.412271270752
4929,0.268324623108
4930,0.529779014587
4931,0.227884654999
4932,0.4436536026
4933,0.25223028183
4934,0.240878582001
4935,0.453741722107
4936,0.423024406433
4937,0.24457983017
4938,0.347481880188
4939,0.358259811401
4940,0.780104446411
4941,0.683391799927
4942,0.242667274475
4943,0.264489307404
4944,0.226443481445
4945,0.326925048828
4946,0.237870788574
4947,0.306080780029
4948,0.807295761108
4949,0.210955867767
4950,0.321175460815
4951,0.357487754822
4952,0.201965065002
4953,0.131679058075
4954,0.667780151367
4955,0.537935829163
4956,0.581521453857
4957,0.157812433243
4958,0.231288261414
4959,0.274526119232
4960,0.341232299805
4961,0.396987113953
4962,0.345732192993
4963,0.281076755524
4964,0.226600704193
4965,0.353640975952
4966,0.222112102509
4967,0.555270614624
4968,0.239804363251
4969,0.290649261475
4970,0.228484382629
4971,0.70112663269
4972,0.267563076019
4973,0.293079738617
4974,0.216983337402
4975,0.519885902405
4976,0.283287391663
4977,0.204289569855
4978,0.502222709656
4979,0.234400215149
4980,0.446339683533
4981,0.265379199982
4982,0.226941146851
4983,0.284526557922
4984,0.313925437927
4985,0.340657157898
4986,0.356348075867
4987,0.336690750122
4988,0.26281583786
4989,0.324539337158
4990,0.329536247253
4991,0.206898536682
4992,0.296487255096
4993,0.302946872711
4994,0.739504241943
4995,0.229575939178
4996,0.228511371613
4997,0.265787124634
4998,0.58757774353
4999,0.240743122101
5000,0.344033699036
5001,0.260076122284
5002,0.304559059143
5003,0.301246242523
5004,0.420484237671
5005,0.491325531006
