index, sameArtist
0,23.8161
1,13.7394
2,16.5278
3,35.4773
4,14.6017
5,17.0506
6,22.142
7,24.5789
8,13.9968
9,26.1892
10,31.556
11,11.3063
12,22.49
13,15.5771
14,23.788
15,63.4039
16,15.0976
17,13.8558
18,12.9813
19,26.7042
20,14.1595
21,19.9176
22,14.024
23,20.5841
24,25.2078
25,34.0526
26,44.2043
27,12.8256
28,22.5036
29,17.0007
30,18.4561
31,16.4192
32,35.447
33,26.6553
34,18.9432
35,36.5941
36,22.9028
37,19.5034
38,45.9245
39,20.6291
40,17.8542
41,8.59155
42,18.8192
43,25.9762
44,37.4481
45,22.6693
46,22.6997
47,19.3598
48,16.6667
49,15.5378
50,50.9939
51,21.1007
52,17.1563
53,31.3472
54,26.7451
55,20.9287
56,33.1354
57,28.9169
58,25.433
59,25.546
60,16.6908
61,17.0452
62,23.1799
63,36.2088
64,48.0237
65,21.8471
66,34.053
67,52.2325
68,19.313
69,16.8062
70,37.2732
71,24.8742
72,28.3517
73,18.1157
74,13.0767
75,20.2399
76,22.6621
77,11.4291
78,22.7347
79,27.7604
80,32.2871
81,27.4318
82,14.6892
83,11.1951
84,23.0039
85,40.3473
86,55.3563
87,35.6448
88,45.0909
89,19.9703
90,15.3183
91,29.5167
92,16.7184
93,29.0612
94,30.8727
95,35.6254
96,42.8249
97,17.5378
98,10.4132
99,40.9825
100,24.4503
101,26.2525
102,12.6857
103,38.6843
104,19.6478
105,22.8249
106,14.7733
107,19.1494
108,23.5071
109,15.9099
110,17.2932
111,17.2169
112,29.4327
113,30.9374
114,16.1705
115,30.0536
116,13.5489
117,20.4912
118,19.6581
119,21.0008
120,26.661
121,8.84154
122,29.2983
123,6.0944
124,17.4721
125,14.9837
126,17.8278
127,33.9701
128,14.2684
129,32.8413
130,25.2836
131,16.8302
132,19.276
133,18.2278
134,13.7159
135,22.4328
136,21.5495
137,7.7775
138,25.2262
139,31.6777
140,14.5655
141,29.7209
142,42.2617
143,17.7353
144,24.3231
145,26.6362
146,19.7115
147,18.5654
148,20.7001
149,42.2131
150,55.8453
151,30.5906
152,34.7384
153,33.931
154,15.8877
155,15.0469
156,19.1332
157,46.9783
158,20.4597
159,25.8302
160,19.1422
161,32.5452
162,34.8614
163,41.5765
164,47.7201
165,24.8422
166,39.3487
167,19.3764
168,21.6879
169,33.4475
170,40.4766
171,39.5988
172,20.0635
173,31.8927
174,12.6226
175,11.4516
176,19.5535
177,20.4988
178,10.4772
179,26.2516
180,34.8054
181,28.7915
182,14.2147
183,43.6294
184,16.7511
185,13.5783
186,19.1942
187,16.6113
188,26.0383
189,22.761
190,21.8306
191,26.8171
192,14.7138
193,21.8627
194,22.1675
195,34.896
196,22.7148
197,32.8549
198,18.9421
199,30.3625
200,28.5968
201,16.7123
202,34.3088
203,18.741
204,14.9973
205,23.7778
206,16.2305
207,30.7267
208,23.4898
209,21.0005
210,8.42334
211,12.2217
212,24.5561
213,56.7562
214,15.9673
215,14.1995
216,24.7592
217,17.2792
218,22.5526
219,22.512
220,20.9205
221,56.6435
222,17.1686
223,17.1484
224,36.4614
225,22.6977
226,34.9215
227,13.5374
228,13.1084
229,15.0068
230,11.6309
231,26.7145
232,28.7557
233,51.8849
234,34.4414
235,18.1054
236,30.9534
237,18.6577
238,30.0176
239,22.056
240,18.5491
241,80.3985
242,64.072
243,90.8925
244,24.253
245,18.3771
246,18.6889
247,34.7548
248,13.5458
249,24.1133
250,53.5035
251,20.8979
252,23.6542
253,29.9368
254,16.2546
255,12.8065
256,25.9367
257,18.0715
258,28.3147
259,17.0827
260,28.6579
261,22.7262
262,24.9108
263,7.51252
264,13.7001
265,30.3435
266,32.9071
267,40.9436
268,17.1808
269,13.0079
270,28.4941
271,19.9024
272,26.5039
273,31.228
274,13.6021
275,23.7612
276,29.1743
277,13.2879
278,21.7792
279,40.1524
280,24.2864
281,10.0077
282,11.9636
283,29.7982
284,24.5826
285,21.0719
286,21.3271
287,13.9165
288,21.7568
289,22.3116
290,19.2204
291,26.7388
292,34.7384
293,15.9777
294,30.7968
295,24.3465
296,22.8704
297,24.2312
298,15.8442
299,12.0533
300,32.1153
301,17.1595
302,30.1836
303,62.3386
304,13.413
305,16.5455
306,27.0921
307,21.273
308,24.1399
309,21.8513
310,20.6312
311,19.849
312,14.7354
313,26.8525
314,25.3998
315,32.67
316,22.1434
317,14.2758
318,11.9362
319,16.3876
320,24.6958
321,29.2952
322,27.1617
323,22.8086
324,15.429
325,25.0033
326,20.8402
327,14.8751
328,17.2486
329,20.9298
330,0.2
331,36.8071
332,20.5239
333,23.4606
334,15.5334
335,26.9986
336,20.8994
337,9.21954
338,36.46
339,28.0007
340,23.853
341,17.2934
342,38.2652
343,40.4892
344,34.6188
345,21.9122
346,34.4688
347,13.506
348,16.8158
349,16.1665
350,28.5519
351,50.2972
352,25.5852
353,12.5455
354,23.3466
355,32.4466
356,29.1075
357,14.3616
358,31.3827
359,30.8773
360,15.5099
361,14.4862
362,41.769
363,19.701
364,46.4175
365,41.2654
366,16.9803
367,15.7867
368,19.1324
369,20.8592
370,15.7002
371,66.6688
372,23.4643
373,12.77
374,31.4973
375,23.2301
376,14.6966
377,20.9829
378,27.0579
379,18.5907
380,20.9898
381,19.5546
382,11.5859
383,15.4253
384,52.2625
385,16.0771
386,16.085
387,25.7364
388,14.6652
389,23.7618
390,12.7434
391,13.8367
392,13.4033
393,16.9239
394,46.5149
395,24.2335
396,18.6999
397,8.91423
398,34.3342
399,31.0701
400,23.3307
401,19.7581
402,18.879
403,21.8864
404,16.4437
405,28.3021
406,19.4771
407,66.4353
408,22.3636
409,28.1276
410,13.0388
411,17.3824
412,25.086
413,10.3038
414,9.90139
415,27.0103
416,20.7218
417,18.5826
418,19.8535
419,41.6482
420,20.2948
421,14.2178
422,16.437
423,27.9035
424,28.2792
425,24.0713
426,12.5748
427,32.4906
428,21.9533
429,49.1328
430,20.2332
431,18.4966
432,19.1387
433,29.1123
434,32.635
435,19.0986
436,41.9603
437,46.8087
438,14.7293
439,40.1655
440,41.7124
441,21.9183
442,10.6313
443,36.3801
444,13.9473
445,12.2926
446,14.7796
447,29.6576
448,14.6293
449,18.7676
450,12.4985
451,18.8458
452,22.2015
453,29.4865
454,19.7202
455,41.2997
456,52.6749
457,57.6428
458,18.684
459,19.1682
460,14.6692
461,10.4301
462,14.7752
463,24.3347
464,20.5907
465,27.8736
466,15.8434
467,14.6912
468,30.4654
469,29.5555
470,16.2638
471,29.5944
472,45.4716
473,12.0045
474,23.0889
475,22.94
476,31.0655
477,28.8053
478,36.8278
479,11.9847
480,12.446
481,18.7972
482,40.1108
483,17.008
484,31.7082
485,11.9241
486,22.0185
487,8.14349
488,14.636
489,32.8597
490,17.1546
491,21.5506
492,40.2915
493,29.1131
494,21.1744
495,19.8194
496,24.1539
497,40.7691
498,53.3364
499,37.3132
500,18.0337
501,18.6476
502,39.1077
503,25.2211
504,21.0601
505,17.8816
506,13.8338
507,22.727
508,22.2901
509,31.2019
510,40.7174
511,20.3194
512,20.872
513,21.834
514,9.52339
515,12.3753
516,26.4281
517,12.5591
518,26.8651
519,18.047
520,13.4289
521,29.1442
522,20.3545
523,16.6705
524,29.0861
525,24.7922
526,11.5632
527,30.3217
528,10.8754
529,15.1014
530,14.9634
531,27.8708
532,11.4509
533,6.98356
534,9.38923
535,32.7914
536,15.7924
537,34.0395
538,23.2653
539,38.4419
540,11.7846
541,50.6666
542,24.2735
543,21.6349
544,23.5088
545,15.5977
546,37.5544
547,13.3448
548,17.9088
549,16.9322
550,18.9716
551,16.0945
552,39.1379
553,90.5652
554,58.8588
555,16.0988
556,19.2907
557,16.3965
558,17.8726
559,52.0164
560,27.7629
561,20.8506
562,25.971
563,30.0999
564,20.8825
565,20.1382
566,19.3422
567,49.4072
568,28.6806
569,34.7808
570,20.1677
571,16.7466
572,16.9692
573,20.3634
574,20.407
575,30.1449
576,28.1196
577,26.9965
578,30.4543
579,25.2721
580,26.1032
581,39.2149
582,12.5963
583,22.2282
584,15.2564
585,19.3487
586,22.1777
587,15.2516
588,17.4524
589,24.07
590,23.8607
591,54.4293
592,52.7162
593,13.0102
594,13.9016
595,33.8795
596,13.5826
597,13.5256
598,30.091
599,30.9504
600,19.7434
601,19.6654
602,14.1921
603,24.2835
604,32.2966
605,31.1006
606,16.6995
607,18.3688
608,18.8576
609,21.7085
610,19.096
611,14.7376
612,42.8082
613,36.8795
614,26.9108
615,27.4022
616,26.0564
617,31.8954
618,29.9338
619,23.6969
620,15.7098
621,32.8559
622,16.9881
623,12.2676
624,9.80054
625,19.7921
626,20.8497
627,31.6176
628,46.5804
629,12.2373
630,19.0605
631,14.5437
632,33.6952
633,19.8134
634,13.3847
635,45.7483
636,46.9572
637,10.7271
638,17.1379
639,37.1241
640,20.3696
641,24.234
642,20.6686
643,24.1364
644,24.2321
645,35.0938
646,39.2496
647,24.6255
648,30.3425
649,38.6184
650,13.8612
651,18.5995
652,13.9486
653,32.1609
654,12.9439
655,17.8238
656,27.6368
657,33.0048
658,26.8892
659,27.2445
660,15.948
661,17.1742
662,19.8767
663,12.9947
664,11.4761
665,18.3596
666,15.8679
667,21.67
668,9.73579
669,23.4096
670,18.8902
671,80.165
672,25.1527
673,10.4075
674,47.242
675,27.5119
676,23.8025
677,20.486
678,42.4112
679,14.8109
680,15.3054
681,45.1711
682,29.0289
683,13.8465
684,27.6795
685,27.6162
686,25.7589
687,13.8693
688,24.3177
689,19.8912
690,39.9138
691,55.677
692,19.023
693,13.6945
694,13.5049
695,22.05
696,30.096
697,20.9807
698,25.0063
699,45.7873
700,22.9268
701,20.2008
702,10.9477
703,24.6272
704,15.9409
705,12.0365
706,24.0657
707,28.8493
708,14.5052
709,25.9178
710,13.8468
711,36.4783
712,24.0027
713,29.9637
714,20.9789
715,61.4816
716,59.9289
717,23.2234
718,13.3291
719,9.94155
720,15.439
721,25.2833
722,18.1381
723,13.3347
724,10.1728
725,16.8814
726,34.4936
727,18.5668
728,44.4243
729,15.4513
730,31.1726
731,23.655
732,40.524
733,36.6519
734,28.631
735,20.7074
736,28.855
737,11.1645
738,16.9842
739,14.8375
740,78.1401
741,25.8765
742,23.8224
743,22.5614
744,11.3199
745,20.6193
746,33.2048
747,18.1031
748,30.7126
749,39.3916
750,27.418
751,11.8977
752,20.485
753,20.5853
754,12.1934
755,15.3856
756,12.0132
757,25.4382
758,31.6005
759,55.0251
760,28.1711
761,16.8433
762,19.6216
763,14.5473
764,30.3259
765,36.1522
766,20.1336
767,36.7235
768,25.6621
769,26.4125
770,39.6857
771,31.7949
772,18.0985
773,41.2551
774,14.5118
775,22.9011
776,34.2244
777,25.2885
778,22.9671
779,16.5095
780,28.3289
781,15.5773
782,22.391
783,27.5904
784,14.375
785,25.3842
786,20.5985
787,69.5296
788,15.1275
789,34.0013
790,15.9168
791,17.1146
792,21.3333
793,15.2483
794,21.9295
795,20.2065
796,19.5763
797,15.5911
798,14.0429
799,20.5491
800,19.072
801,18.1498
802,29.8785
803,32.2027
804,25.0613
805,20.9898
806,16.0663
807,50.1121
808,28.4361
809,18.4946
810,43.1548
811,31.3124
812,15.5564
813,30.6926
814,16.6022
815,13.2178
816,15.3396
817,30.4374
818,42.4125
819,29.2687
820,42.3875
821,37.4572
822,24.884
823,23.3835
824,19.0077
825,21.9949
826,10.4936
827,13.9398
828,21.0479
829,24.0083
830,25.6134
831,8.98308
832,15.9628
833,16.6217
834,27.6462
835,23.967
836,20.5921
837,15.9327
838,12.0209
839,33.6297
840,33.6645
841,21.4983
842,37.2481
843,29.1168
844,26.5577
845,71.259
846,47.0115
847,17.8551
848,15.1133
849,30.0131
850,38.0414
851,32.9161
852,16.9401
853,13.0522
854,34.4169
855,11.5514
856,21.8308
857,16.436
858,21.8941
859,17.2183
860,37.2689
861,21.4063
862,37.0888
863,25.607
864,37.8628
865,27.3526
866,28.2944
867,11.273
868,12.2235
869,27.8266
870,17.8423
871,40.2551
872,38.982
873,32.9275
874,16.8731
875,21.6033
876,30.7868
877,33.0079
878,19.6728
879,16.0363
880,15.6874
881,28.741
882,30.4808
883,20.0003
884,19.9116
885,16.7649
886,65.0222
887,23.8063
888,12.4326
889,27.6873
890,28.9847
891,13.4655
892,55.6039
893,12.426
894,16.5095
895,17.8217
896,16.7259
897,10.3906
898,17.2738
899,28.2459
900,21.9567
901,12.4426
902,15.059
903,14.7908
904,17.8783
905,35.0276
906,18.9126
907,29.2346
908,23.4752
909,23.0877
910,44.0083
911,24.9212
912,21.1738
913,27.6319
914,16.2934
915,28.7701
916,57.6991
917,16.8062
918,27.0776
919,15.6451
920,15.5153
921,52.9909
922,23.9542
923,11.0928
924,19.5709
925,16.5823
926,15.5213
927,34.1291
928,25.3569
929,12.144
930,32.0532
931,21.9605
932,19.0405
933,21.0968
934,21.3588
935,10.4536
936,28.9205
937,46.7115
938,26.0702
939,25.8915
940,26.3363
941,33.049
942,54.5354
943,16.1513
944,17.083
945,27.0877
946,31.6598
947,22.92
948,24.1571
949,16.7507
950,27.292
951,18.9216
952,35.0672
953,22.0131
954,19.9533
955,13.792
956,15.1532
957,13.4568
958,15.0801
959,16.2052
960,12.6024
961,25.251
962,21.924
963,21.3081
964,12.2425
965,15.6491
966,28.5495
967,21.3255
968,18.9332
969,29.6214
970,40.4198
971,40.1355
972,13.4767
973,25.0236
974,37.0329
975,32.9041
976,36.0609
977,28.5694
978,19.9489
979,17.017
980,6.47183
981,15.5546
982,12.9245
983,35.3525
984,28.5572
985,24.3429
986,26.208
987,20.8096
988,14.4604
989,18.1539
990,25.0774
991,17.399
992,29.1719
993,36.3474
994,15.7427
995,20.4748
996,31.0152
997,21.2395
998,22.4694
999,19.2572
1000,36.912
1001,42.894
1002,29.227
1003,16.8825
1004,8.7066
1005,17.0207
1006,35.982
1007,21.3751
1008,18.9405
1009,18.7544
1010,22.4339
1011,16.8045
1012,18.7579
1013,18.2551
1014,17.8203
1015,22.8052
1016,24.065
1017,15.0454
1018,34.9219
1019,22.9298
1020,15.2221
1021,17.0675
1022,25.8037
1023,38.1208
1024,34.993
1025,40.0261
1026,23.3244
1027,22.6843
1028,34.5646
1029,9.60392
1030,21.0983
1031,10.0952
1032,18.0144
1033,27.8262
1034,25.4831
1035,22.9583
1036,17.7959
1037,24.5366
1038,34.2245
1039,32.481
1040,17.5532
1041,26.312
1042,27.0675
1043,25.8677
1044,16.411
1045,24.2222
1046,23.5906
1047,21.0197
1048,11.6426
1049,25.9401
1050,14.0602
1051,27.7823
1052,40.8959
1053,14.1405
1054,29.4025
1055,19.0714
1056,11.161
1057,25.7459
1058,32.6943
1059,25.2287
1060,25.5973
1061,22.7656
1062,14.1096
1063,41.7467
1064,30.5301
1065,18.954
1066,9.95204
1067,27.002
1068,18.1714
1069,21.7015
1070,13.9557
1071,28.5605
1072,27.4842
1073,23.9544
1074,32.8649
1075,16.4028
1076,7.23441
1077,21.2706
1078,12.4775
1079,20.6106
1080,30.1199
1081,19.5195
1082,24.9724
1083,11.8097
1084,10.3447
1085,37.3039
1086,20.4135
1087,27.4711
1088,30.6685
1089,17.3305
1090,21.1454
1091,17.1559
1092,8.86257
1093,38.4633
1094,32.2311
1095,15.4735
1096,20.7917
1097,15.5851
1098,13.1933
1099,30.4466
1100,24.317
1101,23.4067
1102,18.2362
1103,16.7556
1104,21.046
1105,10.5261
1106,54.1955
1107,18.6454
1108,16.0959
1109,30.7928
1110,15.7488
1111,82.5764
1112,78.6506
1113,32.7211
1114,13.162
1115,22.9621
1116,27.988
1117,18.3423
1118,21.5836
1119,21.3669
1120,19.3274
1121,28.3217
1122,18.5131
1123,31.3128
1124,11.6743
1125,36.6671
1126,31.7027
1127,13.8355
1128,15.5981
1129,16.4344
1130,20.193
1131,53.6624
1132,22.6085
1133,21.4936
1134,27.062
1135,37.1185
1136,19.7506
1137,19.5549
1138,25.4885
1139,17.5359
1140,17.8677
1141,30.1725
1142,46.118
1143,33.0901
1144,17.2395
1145,26.1643
1146,22.3009
1147,15.76
1148,30.3833
1149,20.7077
1150,26.3425
1151,23.9883
1152,30.1674
1153,18.4263
1154,19.2134
1155,13.0957
1156,40.0514
1157,11.4541
1158,17.1318
1159,24.4269
1160,65.2885
1161,16.5883
1162,38.3036
1163,8.19693
1164,36.3081
1165,21.0946
1166,34.9503
1167,23.9602
1168,12.4482
1169,26.7163
1170,48.6936
1171,46.133
1172,28.3524
1173,35.8595
1174,40.4396
1175,12.0511
1176,29.9978
1177,21.0067
1178,31.2681
1179,17.4667
1180,28.5617
1181,61.9049
1182,23.9972
1183,15.9466
1184,29.8511
1185,25.4921
1186,26.8075
1187,30.7904
1188,12.9318
1189,9.6547
1190,14.203
1191,18.754
1192,24.636
1193,24.0677
1194,21.6333
1195,14.9002
1196,40.5345
1197,30.5288
1198,22.045
1199,30.6004
1200,28.2032
1201,11.68
1202,20.513
1203,20.0521
1204,21.0683
1205,17.9183
1206,19.2707
1207,19.3835
1208,15.1081
1209,27.3593
1210,24.8564
1211,14.2626
1212,41.0335
1213,54.4776
1214,9.72245
1215,19.1746
1216,32.1919
1217,18.01
1218,31.7233
1219,33.916
1220,5.88296
1221,16.9211
1222,18.3676
1223,42.6719
1224,42.5242
1225,29.99
1226,14.3733
1227,25.6748
1228,27.2892
1229,29.5533
1230,36.5612
1231,13.417
1232,12.0271
1233,13.4853
1234,6.90997
1235,12.1434
1236,14.9686
1237,25.4686
1238,39.536
1239,33.4434
1240,32.7365
1241,26.4432
1242,21.8692
1243,16.7192
1244,33.9671
1245,62.3942
1246,25.2646
1247,19.8165
1248,30.43
1249,12.7987
1250,20.7667
1251,16.1075
1252,27.0236
1253,41.507
1254,58.8801
1255,30.0321
1256,31.2755
1257,28.4782
1258,24.6048
1259,23.9993
1260,25.6666
1261,26.4403
1262,22.1628
1263,27.0808
1264,13.5023
1265,17.5014
1266,15.3886
1267,35.2669
1268,23.646
1269,21.9871
1270,30.4586
1271,16.8108
1272,18.8305
1273,19.2649
1274,11.9427
1275,19.1857
1276,24.6855
1277,13.992
1278,20.4452
1279,24.7475
1280,15.0157
1281,18.9457
1282,56.7584
1283,15.2654
1284,15.9283
1285,18.5104
1286,19.4597
1287,23.3901
1288,30.7898
1289,11.8459
1290,20.3424
1291,33.2725
1292,14.624
1293,26.1673
1294,19.4385
1295,14.9225
1296,31.0654
1297,11.2329
1298,14.5118
1299,17.8688
1300,16.0591
1301,21.3889
1302,16.8849
1303,17.7727
1304,25.5446
1305,42.468
1306,21.079
1307,11.9904
1308,24.258
1309,25.0194
1310,11.9461
1311,22.3635
1312,26.0081
1313,58.1506
1314,19.9447
1315,20.3619
1316,24.7799
1317,15.4943
1318,21.8919
1319,13.4432
1320,19.9546
1321,19.1388
1322,19.8632
1323,22.3238
1324,35.1151
1325,23.4999
1326,16.4634
1327,18.3098
1328,20.5968
1329,8.22362
1330,11.491
1331,29.1646
1332,41.323
1333,13.9506
1334,14.4369
1335,32.0497
1336,16.445
1337,8.44207
1338,20.7148
1339,18.2375
1340,31.3035
1341,13.7961
1342,16.8573
1343,22.6727
1344,25.7953
1345,31.5482
1346,17.4617
1347,12.2571
1348,17.6325
1349,17.0872
1350,12.167
1351,51.6554
1352,19.5147
1353,30.0687
1354,18.4395
1355,10.3562
1356,62.7502
1357,7.90024
1358,16.9964
1359,18.8083
1360,25.0112
1361,24.3685
1362,16.3322
1363,17.3979
1364,16.9075
1365,26.8126
1366,35.8078
1367,33.3692
1368,30.4839
1369,19.0522
1370,7.60002
1371,28.3862
1372,17.3486
1373,22.6523
1374,19.4876
1375,19.0423
1376,18.2874
1377,20.6353
1378,19.4536
1379,13.2038
1380,19.8016
1381,31.5747
1382,25.4189
1383,19.8337
1384,20.6355
1385,15.1574
1386,24.4659
1387,23.5944
1388,16.2726
1389,33.9458
1390,14.2717
1391,18.5889
1392,12.0206
1393,18.9312
1394,20.5743
1395,29.3202
1396,15.547
1397,14.8017
1398,17.8372
1399,12.4383
1400,48.0947
1401,34.7533
1402,18.7879
1403,16.3722
1404,28.0709
1405,40.7557
1406,21.401
1407,27.2411
1408,17.0347
1409,17.8755
1410,17.3026
1411,15.7183
1412,27.1731
1413,26.2843
1414,26.2992
1415,75.9629
1416,25.0523
1417,21.4684
1418,23.3739
1419,19.4213
1420,21.0263
1421,38.7302
1422,24.5792
1423,29.223
1424,20.708
1425,12.3311
1426,55.3257
1427,29.9277
1428,16.1932
1429,21.0673
1430,0.2
1431,14.0984
1432,19.356
1433,14.4314
1434,30.7892
1435,12.0523
1436,36.8563
1437,8.71678
1438,18.0374
1439,14.487
1440,16.0268
1441,30.7132
1442,26.5867
1443,27.0407
1444,15.3951
1445,18.4212
1446,52.4551
1447,23.605
1448,26.0447
1449,25.2205
1450,26.3984
1451,34.5504
1452,33.2731
1453,29.6799
1454,14.6329
1455,43.7825
1456,32.0854
1457,17.6143
1458,24.1231
1459,13.5773
1460,11.0873
1461,20.6735
1462,35.4972
1463,12.6209
1464,15.6503
1465,24.8055
1466,32.9059
1467,25.4249
1468,31.3589
1469,30.0526
1470,14.5938
1471,29.2254
1472,24.0862
1473,27.5982
1474,20.5317
1475,17.5089
1476,19.72
1477,34.2101
1478,33.9911
1479,36.7967
1480,14.9251
1481,19.0679
1482,15.3371
1483,22.2174
1484,32.915
1485,28.5708
1486,13.7613
1487,13.9043
1488,17.9699
1489,34.3774
1490,34.9723
1491,32.2272
1492,54.7562
1493,30.0043
1494,17.8338
1495,16.8872
1496,12.6497
1497,39.1768
1498,21.2585
1499,23.9295
1500,37.6313
1501,34.806
1502,11.2005
1503,25.3415
1504,25.9138
1505,26.894
1506,17.8334
1507,30.8019
1508,25.0895
1509,17.2411
1510,19.5546
1511,6.32532
1512,26.5751
1513,19.8939
1514,29.7846
1515,26.4584
1516,23.3705
1517,17.0899
1518,24.6806
1519,30.3203
1520,9.93043
1521,30.7828
1522,12.8416
1523,31.8467
1524,39.9017
1525,12.9487
1526,23.4198
1527,25.4381
1528,30.1743
1529,38.3254
1530,22.4688
1531,37.5788
1532,33.5809
1533,23.4562
1534,47.6832
1535,36.2724
1536,12.3643
1537,10.7123
1538,67.987
1539,12.3591
1540,13.806
1541,43.94
1542,36.1324
1543,19.5685
1544,14.9404
1545,14.3131
1546,18.3148
1547,23.959
1548,23.7295
1549,31.712
1550,35.269
1551,10.3792
1552,54.3163
1553,29.0766
1554,19.2545
1555,8.50795
1556,17.4084
1557,17.7221
1558,10.9988
1559,19.6148
1560,19.3799
1561,35.9908
1562,13.0548
1563,13.672
1564,21.9195
1565,19.0591
1566,20.5621
1567,29.6366
1568,24.9281
1569,88.8806
1570,33.0407
1571,34.0655
1572,21.1632
1573,11.0437
1574,20.5731
1575,28.4713
1576,18.4932
1577,27.3763
1578,12.9774
1579,23.5329
1580,19.9831
1581,37.478
1582,16.981
1583,13.5652
1584,16.3183
1585,18.6743
1586,16.0914
1587,34.6868
1588,36.458
1589,26.1073
1590,22.5509
1591,23.7365
1592,23.7209
1593,26.2937
1594,43.4058
1595,21.1488
1596,31.6426
1597,23.0536
1598,26.3089
1599,28.1368
1600,26.8719
1601,35.4626
1602,30.8489
1603,20.4057
1604,19.4819
1605,20.5492
1606,40.6656
1607,40.5202
1608,18.9697
1609,18.2999
1610,16.2925
1611,21.6939
1612,15.7265
1613,20.837
1614,22.7807
1615,19.3552
1616,21.5776
1617,22.9058
1618,19.3578
1619,17.848
1620,30.1488
1621,22.7308
1622,51.1678
1623,17.5798
1624,22.8716
1625,39.6195
1626,16.3151
1627,12.7897
1628,26.2607
1629,24.6813
1630,13.7098
1631,24.4212
1632,24.5096
1633,13.0057
1634,15.2611
1635,61.5977
1636,64.0603
1637,14.2983
1638,17.0906
1639,40.4014
1640,14.9304
1641,20.8215
1642,17.116
1643,17.1876
1644,10.8403
1645,18.129
1646,38.1056
1647,38.9091
1648,39.6234
1649,25.4854
1650,22.4491
1651,30.9801
1652,24.2665
1653,33.7071
1654,23.2327
1655,24.2337
1656,24.471
1657,19.203
1658,20.6209
1659,16.1824
1660,22.8355
1661,15.5066
1662,16.2991
1663,26.5426
1664,31.173
1665,16.2626
1666,52.4654
1667,44.328
1668,24.955
1669,17.3659
1670,36.6954
1671,26.2112
1672,12.0619
1673,18.5927
1674,23.4302
1675,15.544
1676,18.2904
1677,15.6102
1678,24.7494
1679,21.061
1680,18.1928
1681,12.967
1682,25.5378
1683,18.9695
1684,28.7079
1685,45.3539
1686,26.993
1687,7.25301
1688,28.4417
1689,39.893
1690,27.4399
1691,23.5611
1692,14.89
1693,13.362
1694,18.061
1695,33.8206
1696,38.8266
1697,7.58699
1698,0.2
1699,27.7804
1700,29.3989
1701,20.3149
1702,24.2754
1703,28.1677
1704,13.7552
1705,52.0125
1706,14.3593
1707,19.073
1708,17.5349
1709,10.687
1710,19.873
1711,37.2018
1712,25.3805
1713,25.2506
1714,16.012
1715,35.4362
1716,16.9691
1717,24.597
1718,26.1351
1719,37.173
1720,23.8821
1721,16.7127
1722,35.6775
1723,22.986
1724,18.7815
1725,25.025
1726,20.5194
1727,15.7329
1728,18.4382
1729,25.472
1730,21.8585
1731,23.9535
1732,14.7281
1733,46.597
1734,36.7267
1735,33.639
1736,34.2887
1737,27.7606
1738,33.8881
1739,39.8351
1740,21.7562
1741,43.7843
1742,34.102
1743,18.9316
1744,10.9999
1745,17.4265
1746,32.0881
1747,17.5588
1748,25.7114
1749,26.1226
1750,43.7976
1751,9.45819
1752,19.1666
1753,28.6371
1754,20.887
1755,13.9636
1756,23.8586
1757,34.8696
1758,30.9268
1759,11.6988
1760,16.6155
1761,11.4565
1762,17.842
1763,19.0878
1764,28.5479
1765,17.113
1766,11.8595
1767,19.3029
1768,15.6891
1769,24.9705
1770,18.2784
1771,17.7495
1772,29.8594
1773,23.0738
1774,33.3044
1775,23.0602
1776,15.6853
1777,16.9664
1778,30.7365
1779,17.5144
1780,24.5204
1781,22.9364
1782,20.8667
1783,14.7833
1784,13.3264
1785,18.0812
1786,29.3966
1787,62.7969
1788,12.0171
1789,23.6406
1790,25.6653
1791,38.4962
1792,21.6384
1793,19.4683
1794,22.644
1795,32.7662
1796,12.3239
1797,51.5657
1798,21.073
1799,16.3258
1800,13.1595
1801,33.3602
1802,26.8733
1803,21.225
1804,19.5243
1805,21.685
1806,10.9434
1807,20.7117
1808,12.6211
1809,15.3037
1810,17.1947
1811,21.1751
1812,21.7584
1813,37.8646
1814,44.6031
1815,27.7064
1816,28.028
1817,19.7958
1818,14.8437
1819,16.0508
1820,38.7302
1821,37.2323
1822,35.0264
1823,24.9672
1824,28.3509
1825,15.1445
1826,39.8645
1827,28.3704
1828,31.4374
1829,15.8934
1830,26.4153
1831,22.628
1832,24.0876
1833,11.6505
1834,12.687
1835,32.594
1836,41.2553
1837,17.8784
1838,17.9032
1839,19.9242
1840,16.7655
1841,22.4619
1842,32.6327
1843,12.5822
1844,11.0577
1845,24.7497
1846,16.5094
1847,18.7246
1848,19.9755
1849,21.222
1850,19.8733
1851,28.4273
1852,32.2489
1853,21.2043
1854,22.5282
1855,19.9877
1856,30.6467
1857,24.8343
1858,28.1786
1859,13.9697
1860,20.4263
1861,11.4108
1862,18.2549
1863,12.9753
1864,20.6555
1865,33.1406
1866,47.915
1867,34.4372
1868,21.6837
1869,14.2348
1870,20.267
1871,28.4722
1872,27.5129
1873,16.0706
1874,17.2537
1875,30.8883
1876,15.4433
1877,17.4093
1878,57.4619
1879,42.9408
1880,34.4809
1881,23.4835
1882,27.6719
1883,18.5483
1884,16.4975
1885,19.5237
1886,14.0146
1887,25.4416
1888,16.2319
1889,22.8873
1890,36.216
1891,24.1023
1892,18.6811
1893,12.0835
1894,39.6943
1895,16.9485
1896,21.5013
1897,22.6254
1898,39.7956
1899,12.2929
1900,70.823
1901,25.7453
1902,22.6058
1903,21.9766
1904,13.2692
1905,9.56532
1906,21.0801
1907,39.0971
1908,19.7256
1909,21.2463
1910,22.6009
1911,16.45
1912,15.0905
1913,25.7087
1914,20.3747
1915,41.1994
1916,12.8136
1917,11.9561
1918,16.6943
1919,15.855
1920,14.2335
1921,11.8657
1922,23.1742
1923,30.8707
1924,17.9215
1925,15.9526
1926,19.0426
1927,17.602
1928,13.8535
1929,25.4342
1930,28.2836
1931,43.5104
1932,25.0987
1933,23.5732
1934,19.4613
1935,22.7935
1936,18.2143
1937,25.2666
1938,16.1066
1939,26.9406
1940,20.2858
1941,15.9506
1942,27.4947
1943,20.7421
1944,30.8543
1945,17.2239
1946,28.3531
1947,26.6964
1948,16.5077
1949,10.9744
1950,22.8142
1951,13.6499
1952,36.74
1953,27.9583
1954,35.4231
1955,27.142
1956,30.8536
1957,42.6562
1958,20.0359
1959,17.2994
1960,24.7832
1961,31.0286
1962,19.5913
1963,23.5596
1964,30.3431
1965,19.9013
1966,36.4905
1967,20.1527
1968,29.1208
1969,13.7291
1970,42.4755
1971,23.9672
1972,28.7667
1973,8.14698
1974,22.2088
1975,13.4794
1976,15.6292
1977,15.7562
1978,11.3509
1979,11.7989
1980,20.4531
1981,21.0218
1982,23.1536
1983,9.84816
1984,20.7196
1985,15.3664
1986,13.9073
1987,19.0356
1988,10.5573
1989,9.65105
1990,45.5258
1991,20.4135
1992,12.5296
1993,13.983
1994,29.3436
1995,16.0908
1996,9.95187
1997,14.8791
1998,21.5874
1999,12.4426
2000,21.2529
2001,17.6536
2002,37.7069
2003,19.1702
2004,13.9449
2005,26.4968
2006,22.1097
2007,25.6153
2008,15.0881
2009,34.3816
2010,24.1802
2011,23.5465
2012,12.7892
2013,47.5037
2014,16.4132
2015,25.2433
2016,23.2009
2017,18.8828
2018,19.2157
2019,16.7322
2020,28.9016
2021,22.755
2022,12.1731
2023,7.78831
2024,13.2436
2025,17.5247
2026,16.4702
2027,16.851
2028,11.4081
2029,32.7053
2030,14.2551
2031,9.96467
2032,14.3926
2033,17.8826
2034,28.7054
2035,31.9677
2036,15.095
2037,22.1959
2038,17.1135
2039,11.1408
2040,15.4586
2041,17.1501
2042,24.8327
2043,19.7593
2044,22.9984
2045,19.4616
2046,0.2
2047,11.2892
2048,24.5761
2049,18.746
2050,51.2355
2051,18.1368
2052,20.3118
2053,57.8038
2054,27.9385
2055,28.8607
2056,35.293
2057,11.1834
2058,23.1485
2059,20.2383
2060,33.6164
2061,20.9804
2062,17.1744
2063,23.5921
2064,11.7609
2065,14.5255
2066,17.6911
2067,22.205
2068,17.2251
2069,23.1771
2070,32.2582
2071,35.2201
2072,17.3364
2073,18.0235
2074,10.527
2075,36.1319
2076,15.6774
2077,25.9672
2078,32.8497
2079,14.8624
2080,24.4427
2081,20.9954
2082,19.1844
2083,15.7216
2084,21.2959
2085,23.0775
2086,14.8273
2087,17.663
2088,16.552
2089,10.8028
2090,25.3514
2091,23.7233
2092,29.2817
2093,24.5773
2094,22.8248
2095,19.6537
2096,29.8712
2097,23.6127
2098,30.4247
2099,25.8169
2100,20.8711
2101,14.0707
2102,20.6029
2103,16.3417
2104,37.5821
2105,19.6009
2106,25.8076
2107,33.0614
2108,11.3944
2109,42.2825
2110,25.1646
2111,20.2942
2112,26.1706
2113,22.4454
2114,60.8072
2115,13.8114
2116,36.7509
2117,28.8279
2118,13.3433
2119,26.7022
2120,39.6634
2121,11.248
2122,12.5667
2123,13.0607
2124,38.5386
2125,26.8723
2126,14.5612
2127,18.5289
2128,20.5675
2129,19.2904
2130,27.5231
2131,22.9282
2132,37.9611
2133,42.0558
2134,19.7151
2135,20.8317
2136,20.0139
2137,17.4038
2138,26.9422
2139,21.8698
2140,24.2892
2141,23.0691
2142,24.4156
2143,18.9816
2144,38.235
2145,16.7099
2146,38.8877
2147,28.6589
2148,19.7619
2149,19.7073
2150,39.1198
2151,22.9553
2152,17.4362
2153,11.8832
2154,10.7203
2155,23.2731
2156,12.0911
2157,13.3036
2158,15.2319
2159,18.2
2160,14.7292
2161,17.7889
2162,22.9667
2163,41.2368
2164,31.6182
2165,13.0167
2166,19.3751
2167,18.1304
2168,14.5615
2169,22.3195
2170,46.4553
2171,15.2067
2172,17.1968
2173,18.3747
2174,21.0235
2175,15.3688
2176,25.1958
2177,13.7215
2178,17.5802
2179,13.124
2180,15.8348
2181,15.7478
2182,30.1115
2183,22.7905
2184,16.8129
2185,27.0709
2186,22.1554
2187,28.5094
2188,30.2542
2189,25.674
2190,15.92
2191,22.9613
2192,19.2638
2193,27.6746
2194,19.8883
2195,63.0525
2196,17.4954
2197,29.7737
2198,17.402
2199,16.8082
2200,31.9582
2201,24.1099
2202,24.0902
2203,12.5948
2204,12.073
2205,20.934
2206,65.6641
2207,30.0438
2208,25.0775
2209,16.5564
2210,27.5523
2211,16.2232
2212,22.6159
2213,27.5608
2214,42.4592
2215,10.0251
2216,26.691
2217,14.1626
2218,13.1745
2219,23.9447
2220,22.4135
2221,16.074
2222,31.2165
2223,9.79125
2224,13.9869
2225,16.4887
2226,11.0397
2227,22.605
2228,16.8879
2229,26.1113
2230,19.6547
2231,23.2539
2232,20.2472
2233,5.33113
2234,27.0374
2235,15.4695
2236,17.3944
2237,26.9645
2238,27.9456
2239,24.7315
2240,11.7885
2241,17.8303
2242,26.1811
2243,23.9574
2244,36.0962
2245,19.4791
2246,46.8449
2247,15.582
2248,27.6247
2249,24.1428
2250,13.5968
2251,32.1207
2252,27.3481
2253,22.8387
2254,38.8114
2255,7.99829
2256,14.416
2257,14.9349
2258,23.5899
2259,35.5293
2260,51.6489
2261,20.5497
2262,11.8298
2263,23.7561
2264,11.1378
2265,26.9205
2266,42.5844
2267,16.0982
2268,21.4328
2269,18.5228
2270,21.9045
2271,20.7912
2272,25.9849
2273,18.9342
2274,17.131
2275,17.3706
2276,12.8339
2277,19.1607
2278,19.4888
2279,16.7618
2280,17.3682
2281,20.9377
2282,21.8856
2283,41.3088
2284,20.2763
2285,20.6261
2286,17.8544
2287,13.7072
2288,15.2239
2289,16.2605
2290,22.8112
2291,22.4959
2292,34.3802
2293,29.9878
2294,36.5438
2295,12.2284
2296,15.6719
2297,11.6044
2298,16.7764
2299,19.823
2300,24.8738
2301,21.1442
2302,20.4944
2303,20.6132
2304,52.7595
2305,20.7795
2306,30.9899
2307,39.7316
2308,23.2905
2309,15.8796
2310,29.8047
2311,18.8966
2312,16.7347
2313,41.8647
2314,18.114
2315,25.9404
2316,47.506
2317,13.6833
2318,24.3989
2319,16.5304
2320,32.9765
2321,15.5576
2322,10.4152
2323,14.5172
2324,17.1364
2325,24.0831
2326,39.5521
2327,30.4912
2328,43.7717
2329,16.7211
2330,23.0837
2331,21.0629
2332,39.2214
2333,19.0194
2334,7.36237
2335,18.2298
2336,13.1177
2337,21.2003
2338,21.6926
2339,23.8853
2340,46.8759
2341,37.1457
2342,51.7376
2343,18.4542
2344,16.7551
2345,17.8493
2346,13.2792
2347,28.4739
2348,51.8665
2349,18.5424
2350,21.2159
2351,17.4785
2352,22.7004
2353,18.8428
2354,30.3902
2355,18.1276
2356,27.2164
2357,15.6433
2358,21.2321
2359,42.1137
2360,69.3358
2361,17.7902
2362,20.3604
2363,22.8314
2364,28.1212
2365,23.0341
2366,17.9605
2367,31.9427
2368,20.7112
2369,39.6839
2370,31.0812
2371,21.6309
2372,27.7682
2373,22.6437
2374,23.0889
2375,17.9544
2376,14.0766
2377,29.2411
2378,26.6303
2379,14.1344
2380,21.5733
2381,26.403
2382,28.9848
2383,30.1963
2384,25.0449
2385,20.3535
2386,14.8185
2387,23.1113
2388,16.5698
2389,21.9393
2390,26.6113
2391,21.8773
2392,18.4123
2393,27.8233
2394,19.9898
2395,22.9327
2396,11.1558
2397,19.3345
2398,21.9532
2399,13.9591
2400,14.3726
2401,24.1709
2402,27.5618
2403,28.2283
2404,29.7304
2405,13.7982
2406,22.9248
2407,8.82978
2408,5.99022
2409,20.2701
2410,27.7499
2411,34.0503
2412,33.9277
2413,17.0683
2414,22.6641
2415,58.7477
2416,37.1181
2417,17.8489
2418,18.2443
2419,19.6905
2420,14.47
2421,21.698
2422,17.7583
2423,39.4762
2424,24.8398
2425,32.2933
2426,11.5146
2427,21.1866
2428,24.5797
2429,23.3969
2430,9.07207
2431,25.7171
2432,31.1516
2433,29.831
2434,23.4015
2435,13.3364
2436,26.6917
2437,22.8065
2438,27.4712
2439,23.3321
2440,21.2664
2441,15.9007
2442,19.2721
2443,21.75
2444,12.2355
2445,51.0101
2446,45.4726
2447,22.9342
2448,24.9594
2449,23.3267
2450,24.697
2451,18.0381
2452,56.7094
2453,21.5406
2454,22.196
2455,15.4796
2456,11.2612
2457,13.1109
2458,16.7381
2459,29.0999
2460,26.4978
2461,13.3277
2462,22.495
2463,18.791
2464,30.0065
2465,32.6709
2466,41.528
2467,55.4342
2468,43.4698
2469,19.2569
2470,26.5803
2471,23.2546
2472,12.6205
2473,18.8076
2474,17.7921
2475,32.178
2476,26.212
2477,47.1248
2478,25.2565
2479,27.6419
2480,25.4328
2481,23.0304
2482,25.4776
2483,40.6581
2484,18.486
2485,15.2143
2486,20.9181
2487,20.0167
2488,34.8038
2489,38.2665
2490,25.3283
2491,60.8576
2492,21.9697
2493,14.4372
2494,43.0964
2495,35.2138
2496,23.3008
2497,25.2639
2498,24.2603
2499,30.1374
2500,38.7722
2501,13.688
2502,17.679
2503,11.4935
2504,17.5087
2505,24.6415
2506,38.2558
2507,16.9324
2508,17.1976
2509,17.9631
2510,12.9518
2511,18.344
2512,17.2135
2513,18.0538
2514,22.8926
2515,9.33526
2516,0.2
2517,37.4225
2518,9.87613
2519,19.1565
2520,13.1068
2521,27.827
2522,24.3581
2523,23.4684
2524,11.7072
2525,25.1191
2526,13.2423
2527,23.2305
2528,14.854
2529,22.5815
2530,47.615
2531,19.6538
2532,17.6317
2533,27.902
2534,22.637
2535,30.089
2536,26.8646
2537,39.2465
2538,44.6257
2539,44.8912
2540,34.2322
2541,30.8628
2542,17.6572
2543,32.1236
2544,14.2254
2545,13.4615
2546,27.9767
2547,11.6029
2548,17.7327
2549,58.5947
2550,32.4672
2551,7.00353
2552,27.1027
2553,14.1355
2554,17.3519
2555,10.093
2556,16.5855
2557,37.0931
2558,31.2826
2559,56.8341
2560,26.8583
2561,28.467
2562,15.124
2563,24.4943
2564,25.4144
2565,17.07
2566,19.1996
2567,12.9648
2568,30.355
2569,31.6717
2570,19.8224
2571,18.7259
2572,28.3867
2573,14.9538
2574,7.04402
2575,38.6846
2576,15.9127
2577,28.1013
2578,13.5502
2579,15.5192
2580,13.6515
2581,23.1518
2582,17.728
2583,16.6033
2584,18.5933
2585,21.4372
2586,11.7509
2587,25.4855
2588,38.811
2589,37.0587
2590,19.746
2591,19.4104
2592,15.0707
2593,22.9562
2594,15.4896
2595,20.8608
2596,22.0615
2597,26.0314
2598,11.9697
2599,13.7262
2600,29.3749
2601,34.5384
2602,29.5858
2603,23.7123
2604,24.5045
2605,14.0894
2606,13.391
2607,28.1196
2608,21.0861
2609,17.7316
2610,17.1804
2611,23.8613
2612,21.672
2613,17.4986
2614,19.5336
2615,26.9489
2616,21.2958
2617,18.2707
2618,17.4064
2619,13.0707
2620,15.5635
2621,21.609
2622,31.4632
2623,21.3998
2624,8.13752
2625,17.723
2626,18.4398
2627,22.1897
2628,21.9156
2629,27.7848
2630,15.2502
2631,35.3893
2632,23.7882
2633,14.4371
2634,59.5592
2635,48.2956
2636,13.024
2637,21.9828
2638,24.3074
2639,21.1565
2640,16.751
2641,36.5392
2642,16.7825
2643,23.397
2644,10.7299
2645,24.4634
2646,26.0297
2647,12.6264
2648,34.5124
2649,14.478
2650,78.4219
2651,47.4862
2652,25.6469
2653,19.4795
2654,23.5382
2655,29.7883
2656,22.273
2657,39.8831
2658,20.1571
2659,10.0332
2660,20.0744
2661,22.3769
2662,19.3784
2663,27.6227
2664,23.3861
2665,56.614
2666,18.4183
2667,18.9498
2668,14.3132
2669,14.055
2670,31.3652
2671,31.275
2672,55.3527
2673,11.8831
2674,22.0475
2675,39.8119
2676,41.0954
2677,50.9806
2678,20.5986
2679,27.8575
2680,16.7405
2681,36.4409
2682,34.5413
2683,27.0494
2684,11.1716
2685,31.9573
2686,24.0054
2687,17.2834
2688,25.4142
2689,26.0037
2690,13.9846
2691,7.66642
2692,18.459
2693,13.1152
2694,12.99
2695,10.6549
2696,13.3082
2697,15.7922
2698,30.2955
2699,15.0067
2700,35.6131
2701,8.09662
2702,15.7092
2703,26.0385
2704,15.4882
2705,19.0861
2706,9.31104
2707,18.2135
2708,19.4469
2709,23.0985
2710,16.3127
2711,16.5146
2712,25.0702
2713,21.394
2714,30.3365
2715,22.8464
2716,9.02248
2717,20.3412
2718,16.631
2719,57.2311
2720,17.0114
2721,20.5757
2722,17.8522
2723,16.2064
2724,20.1567
2725,18.5312
2726,25.7422
2727,15.8598
2728,29.2581
2729,32.0649
2730,37.2195
2731,14.1472
2732,12.454
2733,17.751
2734,19.9298
2735,17.6492
2736,15.906
2737,23.4606
2738,19.6123
2739,29.319
2740,19.4071
2741,12.8906
2742,18.3291
2743,17.6233
2744,23.5139
2745,16.3618
2746,17.2194
2747,28.5817
2748,30.4884
2749,21.2217
2750,16.3162
2751,17.6603
2752,9.1322
2753,27.6489
2754,23.4398
2755,16.0632
2756,21.9272
2757,18.722
2758,18.0558
2759,11.9246
2760,31.1113
2761,32.6165
2762,26.7605
2763,36.7962
2764,26.2963
2765,15.3518
2766,20.8056
2767,24.5689
2768,13.9798
2769,36.8508
2770,33.7478
2771,29.6315
2772,40.8156
2773,23.1368
2774,13.2514
2775,14.0539
2776,26.5122
2777,11.0158
2778,21.1425
2779,9.7746
2780,25.4265
2781,31.1238
2782,40.5552
2783,14.7718
2784,22.3111
2785,74.0547
2786,15.1347
2787,19.4077
2788,29.7781
2789,24.3035
2790,18.1361
2791,29.3105
2792,33.1121
2793,22.8251
2794,18.6109
2795,38.6971
2796,32.138
2797,33.8427
2798,9.74323
2799,12.3479
2800,12.3195
2801,26.8897
2802,37.4537
2803,28.9519
2804,26.6755
2805,21.9771
2806,22.6738
2807,38.1054
2808,20.3357
2809,60.7249
2810,58.2685
2811,24.5991
2812,13.1411
2813,15.8369
2814,29.303
2815,26.4729
2816,23.6361
2817,16.8196
2818,8.00245
2819,17.2477
2820,33.33
2821,21.7538
2822,27.2822
2823,53.1634
2824,25.8107
2825,29.4625
2826,11.6953
2827,17.4496
2828,28.6201
2829,10.5969
2830,37.8807
2831,27.5404
2832,27.3928
2833,20.8717
2834,42.4248
2835,24.0076
2836,29.4711
2837,19.4292
2838,19.9571
2839,21.6098
2840,28.4314
2841,19.1348
2842,23.0694
2843,15.3609
2844,23.6617
2845,12.2502
2846,27.3059
2847,21.036
2848,18.2886
2849,21.8844
2850,24.3562
2851,40.4842
2852,34.195
2853,30.9795
2854,7.42355
2855,24.5945
2856,24.3485
2857,15.2862
2858,15.4319
2859,19.0721
2860,26.1795
2861,23.7724
2862,20.4315
2863,27.8307
2864,28.2224
2865,16.3829
2866,12.011
2867,17.619
2868,25.348
2869,25.7884
2870,25.5731
2871,20.7626
2872,30.1762
2873,16.4455
2874,21.6431
2875,22.2279
2876,14.6928
2877,37.9827
2878,21.349
2879,22.6669
2880,21.3244
2881,22.7975
2882,15.5669
2883,40.8863
2884,38.2992
2885,19.1477
2886,16.0672
2887,18.8898
2888,26.8015
2889,14.754
2890,11.5122
2891,30.3963
2892,29.8113
2893,30.5499
2894,32.6392
2895,19.1539
2896,30.2575
2897,22.3833
2898,23.2583
2899,20.4409
2900,17.1347
2901,16.7116
2902,14.2704
2903,10.4329
2904,21.0061
2905,13.1048
2906,32.7889
2907,34.115
2908,18.4503
2909,36.6561
2910,9.8146
2911,12.8888
2912,12.8968
2913,10.7503
2914,43.9198
2915,13.6156
2916,13.3086
2917,24.4639
2918,27.5756
2919,34.9991
2920,32.3767
2921,56.067
2922,27.1306
2923,12.2131
2924,16.9488
2925,43.5277
2926,26.2489
2927,40.2974
2928,29.1142
2929,19.579
2930,20.1454
2931,12.0853
2932,12.2868
2933,14.1439
2934,13.9159
2935,32.7668
2936,30.1232
2937,12.9462
2938,10.2332
2939,15.7719
2940,34.5444
2941,16.9236
2942,22.7259
2943,38.8938
2944,24.6262
2945,11.0588
2946,19.215
2947,24.4206
2948,27.9566
2949,20.77
2950,16.6506
2951,20.2903
2952,26.4571
2953,14.5735
2954,22.7112
2955,23.4225
2956,21.6812
2957,20.0171
2958,20.4355
2959,15.5061
2960,36.7497
2961,18.7195
2962,32.1076
2963,40.1157
2964,18.0116
2965,21.2485
2966,29.5534
2967,16.9505
2968,22.4469
2969,29.2917
2970,18.2341
2971,26.4435
2972,9.33442
2973,17.8921
2974,43.6779
2975,20.7757
2976,27.9737
2977,26.7414
2978,47.1614
2979,21.9303
2980,25.9411
2981,34.5199
2982,13.9663
2983,20.1696
2984,35.9771
2985,26.6118
2986,25.2113
2987,17.2133
2988,27.3153
2989,25.1863
2990,20.9242
2991,12.3032
2992,19.5898
2993,60.2161
2994,27.9484
2995,19.8438
2996,25.9077
2997,29.4901
2998,29.7077
2999,22.7579
3000,21.678
3001,35.9998
3002,25.4701
3003,21.2615
3004,26.0457
3005,18.8492
3006,24.9134
3007,13.7074
3008,28.6221
3009,28.2028
3010,17.5045
3011,24.3817
3012,17.9667
3013,33.5978
3014,65.7094
3015,69.1702
3016,20.4972
3017,27.1728
3018,14.3422
3019,38.223
3020,32.0818
3021,17.4507
3022,26.2573
3023,27.518
3024,15.084
3025,16.7591
3026,23.5378
3027,28.0993
3028,23.9597
3029,14.3855
3030,13.7429
3031,23.4848
3032,44.7047
3033,27.1068
3034,33.2865
3035,19.9611
3036,17.8429
3037,17.4346
3038,13.8565
3039,13.2127
3040,78.0321
3041,69.1081
3042,76.3967
3043,18.681
3044,23.1414
3045,19.733
3046,23.002
3047,32.839
3048,29.7059
3049,33.9824
3050,29.4894
3051,19.3126
3052,26.4636
3053,37.9462
3054,19.1289
3055,13.4569
3056,22.5529
3057,17.0932
3058,10.7063
3059,34.3448
3060,32.2574
3061,14.7717
3062,33.4671
3063,32.7793
3064,9.76752
3065,24.344
3066,32.1574
3067,22.2963
3068,16.8214
3069,18.113
3070,20.4516
3071,24.2847
3072,15.7507
3073,18.386
3074,28.2317
3075,20.3179
3076,31.7634
3077,13.8589
3078,17.7042
3079,15.6778
3080,14.5134
3081,15.5981
3082,20.9711
3083,23.9
3084,10.3347
3085,14.8707
3086,15.9
3087,31.4548
3088,18.3575
3089,9.47446
3090,28.8276
3091,40.4372
3092,17.1646
3093,46.7014
3094,42.5815
3095,22.2342
3096,24.4841
3097,9.25727
3098,14.9123
3099,19.6736
3100,25.1671
3101,22.9594
3102,23.9843
3103,8.41355
3104,34.1152
3105,12.1564
3106,22.4965
3107,19.4881
3108,16.1919
3109,12.3505
3110,8.29297
3111,12.2768
3112,13.2814
3113,16.5759
3114,19.9903
3115,21.7098
3116,19.8396
3117,19.0985
3118,16.8308
3119,37.9111
3120,16.643
3121,24.0262
3122,10.5619
3123,24.1394
3124,12.3788
3125,25.3665
3126,24.8438
3127,16.5961
3128,16.286
3129,38.7629
3130,24.3668
3131,19.4102
3132,18.7266
3133,22.5137
3134,14.9476
3135,26.5295
3136,39.6156
3137,29.7054
3138,25.8583
3139,42.4774
3140,22.0925
3141,19.591
3142,29.7282
3143,15.4569
3144,8.35146
3145,24.214
3146,43.85
3147,13.8029
3148,17.9696
3149,14.953
3150,29.2616
3151,36.2447
3152,24.6596
3153,41.1942
3154,20.4714
3155,19.5597
3156,20.084
3157,29.1932
3158,22.3193
3159,19.9417
3160,15.9511
3161,18.3033
3162,49.7055
3163,11.3006
3164,16.8327
3165,19.6891
3166,36.7672
3167,11.8613
3168,14.5767
3169,13.5905
3170,17.5692
3171,18.0837
3172,23.6381
3173,16.0348
3174,12.5092
3175,46.5718
3176,51.3859
3177,30.8657
3178,21.6437
3179,14.1983
3180,19.2929
3181,35.2916
3182,24.8873
3183,22.2605
3184,28.0629
3185,36.179
3186,13.4648
3187,17.1617
3188,24.5519
3189,14.8519
3190,38.6478
3191,13.6226
3192,43.9946
3193,11.8781
3194,46.5107
3195,24.9729
3196,18.6655
3197,16.2482
3198,19.1034
3199,38.5684
3200,45.1022
3201,28.061
3202,41.7012
3203,19.1901
3204,13.9902
3205,39.4718
3206,17.2069
3207,17.2134
3208,0.2
3209,6.76773
3210,16.1497
3211,31.3872
3212,18.9027
3213,24.139
3214,33.2689
3215,22.7385
3216,21.5204
3217,28.7477
3218,18.4101
3219,35.313
3220,15.1059
3221,14.2098
3222,12.5373
3223,13.8081
3224,31.9677
3225,26.8772
3226,26.5961
3227,22.988
3228,18.199
3229,15.795
3230,65.7468
3231,19.3301
3232,23.2366
3233,42.7528
3234,22.7217
3235,38.6205
3236,15.0728
3237,25.871
3238,25.522
3239,58.4863
3240,42.3287
3241,18.783
3242,17.92
3243,35.6391
3244,19.9413
3245,54.0426
3246,16.4298
3247,17.753
3248,19.6001
3249,13.5183
3250,24.5033
3251,19.1859
3252,14.9027
3253,25.6667
3254,24.4523
3255,36.4909
3256,12.8616
3257,22.3201
3258,21.9115
3259,36.3155
3260,14.0825
3261,17.1154
3262,32.8129
3263,30.3621
3264,18.3507
3265,18.6883
3266,44.5549
3267,15.9935
3268,26.9502
3269,37.4032
3270,26.5897
3271,23.0862
3272,19.7496
3273,13.7567
3274,20.2647
3275,32.3519
3276,36.023
3277,25.0129
3278,10.8228
3279,17.645
3280,32.4509
3281,34.0409
3282,37.6684
3283,11.0982
3284,15.979
3285,11.9998
3286,41.4534
3287,40.634
3288,32.7824
3289,21.8439
3290,10.2403
3291,16.021
3292,16.9081
3293,11.0785
3294,27.5162
3295,30.9887
3296,23.1155
3297,23.2287
3298,16.3675
3299,18.7971
3300,22.6357
3301,32.0979
3302,13.0132
3303,24.7098
3304,19.0376
3305,15.6135
3306,30.0095
3307,26.0988
3308,37.0089
3309,21.4945
3310,24.4931
3311,10.9391
3312,41.2536
3313,26.5418
3314,39.7097
3315,35.8587
3316,24.253
3317,25.2654
3318,26.8743
3319,14.124
3320,23.6494
3321,23.5404
3322,29.9982
3323,78.1403
3324,17.2279
3325,26.6013
3326,18.7381
3327,15.8539
3328,20.9015
3329,15.2632
3330,21.105
3331,23.2338
3332,19.9748
3333,18.9598
3334,14.5079
3335,33.7336
3336,18.4737
3337,12.3153
3338,16.5436
3339,26.2773
3340,12.9415
3341,10.9793
3342,11.465
3343,25.2788
3344,22.3461
3345,26.6804
3346,36.1049
3347,21.0128
3348,31.3165
3349,17.5574
3350,28.5503
3351,14.6706
3352,32.0923
3353,19.5632
3354,42.5069
3355,11.1284
3356,14.953
3357,35.1307
3358,17.1776
3359,11.2526
3360,19.5857
3361,14.9918
3362,20.5703
3363,16.9188
3364,17.8803
3365,26.9327
3366,21.9637
3367,33.4949
3368,23.1008
3369,32.1348
3370,36.0548
3371,13.4407
3372,31.8564
3373,16.8544
3374,17.1554
3375,27.3248
3376,13.0922
3377,17.0132
3378,52.1176
3379,24.6392
3380,44.7061
3381,41.7357
3382,16.9787
3383,17.0076
3384,17.8406
3385,23.8852
3386,56.4263
3387,26.1147
3388,26.2228
3389,11.1176
3390,20.0505
3391,12.8527
3392,37.246
3393,17.9298
3394,16.3125
3395,42.9939
3396,13.2444
3397,42.8712
3398,35.6551
3399,35.7403
3400,21.9456
3401,38.7339
3402,20.3662
3403,20.9643
3404,22.946
3405,22.2329
3406,28.4259
3407,26.9308
3408,31.6247
3409,26.4447
3410,14.0478
3411,12.0473
3412,41.2416
3413,23.125
3414,21.2788
3415,20.6001
3416,28.6889
3417,12.7035
3418,12.8339
3419,29.0965
3420,44.354
3421,31.5943
3422,28.8633
3423,30.1472
3424,45.1821
3425,19.0812
3426,18.6128
3427,21.1898
3428,16.1466
3429,28.8451
3430,16.0485
3431,36.7782
3432,18.3103
3433,31.4911
3434,26.6969
3435,15.3134
3436,10.0694
3437,24.3077
3438,31.1897
3439,28.3937
3440,33.9296
3441,15.8094
3442,16.8901
3443,35.6741
3444,56.9547
3445,17.0797
3446,28.5465
3447,38.6972
3448,23.7688
3449,27.9391
3450,21.5261
3451,10.1133
3452,33.7869
3453,15.9335
3454,13.9546
3455,18.3467
3456,26.4155
3457,35.9852
3458,17.2504
3459,27.0153
3460,19.733
3461,14.5391
3462,20.0398
3463,11.9451
3464,24.1966
3465,20.1083
3466,13.4796
3467,20.338
3468,15.5167
3469,14.1567
3470,8.63397
3471,20.8446
3472,26.9563
3473,22.4046
3474,17.0646
3475,35.2698
3476,14.8395
3477,14.3617
3478,33.0879
3479,20.6454
3480,10.0217
3481,27.6661
3482,26.5953
3483,27.8589
3484,14.7851
3485,16.9168
3486,27.5267
3487,18.162
3488,41.0231
3489,35.7069
3490,26.8098
3491,29.1491
3492,48.0109
3493,15.7419
3494,38.965
3495,16.1611
3496,25.6267
3497,18.139
3498,29.9631
3499,18.2933
3500,36.8319
3501,17.9812
3502,20.9283
3503,29.8812
3504,29.7476
3505,7.65067
3506,10.0792
3507,26.9392
3508,12.6895
3509,21.2511
3510,24.2165
3511,38.4842
3512,33.8293
3513,16.5131
3514,16.8347
3515,38.3301
3516,22.6964
3517,46.3703
3518,25.478
3519,30.9347
3520,26.8646
3521,9.84355
3522,25.1121
3523,24.1129
3524,42.1168
3525,47.592
3526,22.9905
3527,43.6672
3528,27.8753
3529,18.9649
3530,21.0192
3531,15.7553
3532,15.8685
3533,11.3122
3534,23.4429
3535,13.9688
3536,20.0849
3537,28.4823
3538,32.5406
3539,13.1619
3540,8.13022
3541,33.2978
3542,14.2344
3543,13.4847
3544,20.6241
3545,13.9149
3546,12.5962
3547,41.3684
3548,21.3555
3549,27.9975
3550,21.5148
3551,35.4215
3552,61.9811
3553,20.332
3554,49.484
3555,9.44551
3556,20.881
3557,36.6925
3558,21.6912
3559,19.6035
3560,19.4567
3561,53.8174
3562,28.6009
3563,19.9828
3564,17.7961
3565,21.5569
3566,61.3012
3567,20.0893
3568,22.2048
3569,27.9546
3570,41.8743
3571,35.1433
3572,28.2296
3573,25.9539
3574,12.9364
3575,22.3049
3576,25.6646
3577,33.6742
3578,26.8182
3579,22.0595
3580,33.0925
3581,16.9033
3582,12.5032
3583,25.062
3584,24.1446
3585,32.5372
3586,31.0347
3587,32.6789
3588,19.9219
3589,16.6075
3590,57.1264
3591,19.4619
3592,19.1885
3593,48.0398
3594,25.7017
3595,34.1713
3596,18.4525
3597,18.1848
3598,24.4497
3599,20.9875
3600,29.0231
3601,9.40304
3602,25.0578
3603,35.0157
3604,23.4505
3605,42.6623
3606,28.5602
3607,27.0224
3608,24.8973
3609,17.0101
3610,26.5756
3611,17.3369
3612,24.2319
3613,28.5979
3614,11.3384
3615,16.7059
3616,22.0917
3617,50.9193
3618,20.7377
3619,28.9667
3620,67.2189
3621,34.9171
3622,46.9299
3623,13.4328
3624,15.8744
3625,19.6408
3626,9.68623
3627,13.0413
3628,31.4261
3629,13.7099
3630,37.907
3631,36.2595
3632,25.5841
3633,17.2589
3634,42.8014
3635,27.0624
3636,22.6734
3637,12.2511
3638,23.6953
3639,23.8024
3640,20.7059
3641,22.1696
3642,19.7109
3643,40.5912
3644,47.7428
3645,30.8012
3646,45.4392
3647,20.9576
3648,27.0093
3649,15.0448
3650,86.7473
3651,24.9686
3652,30.9983
3653,30.4574
3654,24.2331
3655,13.4625
3656,14.5848
3657,29.3969
3658,32.3777
3659,11.2775
3660,12.1017
3661,14.6749
3662,12.9147
3663,20.6176
3664,19.2164
3665,26.7166
3666,15.5305
3667,19.9618
3668,18.4905
3669,26.4075
3670,27.3853
3671,20.3407
3672,34.8622
3673,21.2408
3674,15.5075
3675,11.4247
3676,0.2
3677,65.6814
3678,23.8283
3679,8.84484
3680,33.7237
3681,15.4688
3682,20.3151
3683,32.7417
3684,22.1639
3685,36.544
3686,14.6186
3687,22.2234
3688,16.08
3689,13.6252
3690,62.4608
3691,28.4968
3692,17.9132
3693,14.8531
3694,20.2952
3695,29.0094
3696,18.7265
3697,22.5929
3698,24.3695
3699,22.7631
3700,27.0595
3701,13.9745
3702,24.8481
3703,34.4287
3704,19.1676
3705,24.3958
3706,28.9684
3707,24.8068
3708,36.435
3709,30.9487
3710,25.4574
3711,25.0088
3712,26.1654
3713,19.9293
3714,15.2995
3715,30.0156
3716,15.3441
3717,17.0482
3718,13.0998
3719,37.6121
3720,17.425
3721,18.3212
3722,28.6219
3723,32.1401
3724,35.4963
3725,37.5125
3726,15.829
3727,12.9705
3728,15.278
3729,25.5539
3730,21.8757
3731,22.2264
3732,16.998
3733,14.8546
3734,26.2982
3735,11.2906
3736,24.9636
3737,17.1239
3738,55.526
3739,11.1495
3740,14.9355
3741,16.3224
3742,33.8524
3743,40.8532
3744,28.3027
3745,17.696
3746,25.8779
3747,19.257
3748,16.4596
3749,36.6165
3750,29.0112
3751,25.8585
3752,12.0906
3753,11.4004
3754,18.0323
3755,15.9986
3756,13.2873
3757,21.7294
3758,16.3455
3759,26.2948
3760,17.2454
3761,27.9119
3762,24.5185
3763,28.5924
3764,15.49
3765,20.4507
3766,16.0652
3767,12.4744
3768,30.2996
3769,31.1122
3770,19.9125
3771,15.9917
3772,10.6297
3773,39.2425
3774,21.5946
3775,30.8138
3776,23.6654
3777,24.6841
3778,21.4169
3779,15.4592
3780,20.5305
3781,19.2056
3782,40.0491
3783,13.3871
3784,27.3249
3785,20.2974
3786,21.2792
3787,17.8492
3788,17.8358
3789,12.8138
3790,18.1778
3791,31.8612
3792,45.3651
3793,18.2027
3794,52.2102
3795,34.7505
3796,14.2764
3797,20.0277
3798,43.7333
3799,20.6829
3800,35.7036
3801,37.0653
3802,10.8019
3803,27.479
3804,22.2041
3805,17.0001
3806,28.9361
3807,22.8066
3808,21.6515
3809,20.8365
3810,23.9595
3811,35.8354
3812,22.8008
3813,16.5591
3814,22.3538
3815,27.2115
3816,44.4282
3817,43.2255
3818,30.3838
3819,6.98404
3820,11.23
3821,54.9438
3822,40.132
3823,22.6041
3824,34.5481
3825,27.0958
3826,27.2962
3827,19.4286
3828,20.8176
3829,8.28316
3830,28.7029
3831,31.5369
3832,26.1146
3833,14.3928
3834,14.9871
3835,16.0825
3836,16.8572
3837,21.6467
3838,17.0943
3839,15.4372
3840,32.8724
3841,15.2544
3842,8.88119
3843,18.8727
3844,37.7842
3845,13.8255
3846,14.2822
3847,19.8142
3848,20.5326
3849,25.4962
3850,33.0107
3851,15.0302
3852,31.3167
3853,16.0388
3854,23.8508
3855,31.1066
3856,22.5977
3857,31.2867
3858,61.2523
3859,24.0546
3860,40.0502
3861,55.5993
3862,14.0676
3863,25.6405
3864,21.2874
3865,26.192
3866,18.4099
3867,15.9458
3868,24.3005
3869,14.9388
3870,21.7209
3871,45.6007
3872,26.4584
3873,26.0283
3874,28.1667
3875,19.188
3876,15.2152
3877,14.1075
3878,17.9142
3879,31.3024
3880,32.5423
3881,38.8965
3882,17.2251
3883,31.0033
3884,23.0128
3885,46.4305
3886,59.0766
3887,21.7128
3888,15.0905
3889,21.5322
3890,13.5659
3891,30.0542
3892,53.6554
3893,56.2023
3894,27.6474
3895,13.4661
3896,28.1703
3897,15.2858
3898,18.1954
3899,28.5711
3900,12.2853
3901,18.4318
3902,37.2721
3903,24.1712
3904,30.8617
3905,34.8001
3906,41.934
3907,26.9386
3908,26.1979
3909,20.9933
3910,33.9098
3911,20.3438
3912,21.2379
3913,47.9013
3914,38.1082
3915,30.8642
3916,26.0959
3917,18.7058
3918,28.503
3919,62.1438
3920,28.585
3921,9.74796
3922,36.7044
3923,26.9943
3924,10.4451
3925,29.2644
3926,25.2361
3927,11.8163
3928,19.7596
3929,20.2165
3930,23.0519
3931,27.3239
3932,14.6534
3933,27.0885
3934,16.6804
3935,10.5603
3936,19.5316
3937,23.3284
3938,31.1014
3939,40.7976
3940,15.7506
3941,15.3712
3942,10.055
3943,25.1994
3944,15.7938
3945,11.9478
3946,16.0704
3947,28.2414
3948,18.986
3949,20.9591
3950,24.058
3951,26.6533
3952,20.3913
3953,24.932
3954,15.979
3955,13.0755
3956,12.605
3957,32.7857
3958,28.7599
3959,0.2
3960,25.1665
3961,13.3512
3962,11.1097
3963,19.7237
3964,24.7194
3965,24.3009
3966,19.815
3967,15.5309
3968,27.9824
3969,24.3712
3970,24.3406
3971,27.4512
3972,25.1491
3973,30.3195
3974,19.3014
3975,43.7746
3976,27.2635
3977,38.3415
3978,55.8793
3979,59.5917
3980,44.0276
3981,32.8938
3982,32.6774
3983,35.7754
3984,27.33
3985,50.8192
3986,53.1701
3987,30.4897
3988,23.0544
3989,41.2008
3990,41.3676
3991,16.8553
3992,19.9151
3993,19.8503
3994,20.303
3995,32.4309
3996,21.7089
3997,33.8971
3998,14.0507
3999,28.2945
4000,11.3219
4001,22.9137
4002,17.4301
4003,20.0019
4004,18.0399
4005,12.9487
4006,10.6303
4007,17.8546
4008,31.927
4009,21.0667
4010,28.3008
4011,21.9945
4012,16.1496
4013,9.07533
4014,12.2458
4015,22.6672
4016,18.945
4017,40.9958
4018,23.4191
4019,19.7512
4020,14.1371
4021,24.377
4022,45.9433
4023,26.4622
4024,25.7243
4025,13.5699
4026,16.2818
4027,22.9673
4028,22.2556
4029,22.8002
4030,31.1575
4031,28.3057
4032,23.6229
4033,18.0391
4034,19.9877
4035,9.33607
4036,24.0469
4037,14.7155
4038,14.9488
4039,10.8561
4040,16.3428
4041,33.2379
4042,9.53747
4043,8.37211
4044,30.2084
4045,14.4634
4046,33.3146
4047,27.8735
4048,28.9043
4049,24.873
4050,33.9603
4051,32.3076
4052,31.6353
4053,16.405
4054,13.9075
4055,23.5028
4056,20.2152
4057,48.1454
4058,32.7575
4059,23.8571
4060,13.7621
4061,36.1834
4062,15.9746
4063,22.4044
4064,37.6079
4065,35.6532
4066,23.8556
4067,20.6822
4068,14.3643
4069,19.7568
4070,43.1284
4071,30.0433
4072,30.4174
4073,37.961
4074,26.1996
4075,14.1773
4076,51.5104
4077,46.0072
4078,21.8466
4079,24.7967
4080,22.5464
4081,14.9796
4082,22.4943
4083,16.1889
4084,16.2676
4085,41.3174
4086,16.6502
4087,24.3926
4088,23.7936
4089,12.0267
4090,22.3559
4091,18.4693
4092,23.8637
4093,31.6383
4094,12.534
4095,15.2064
4096,7.43721
4097,34.6791
4098,19.6419
4099,26.9758
4100,18.1555
4101,48.0113
4102,27.0465
4103,12.601
4104,17.862
4105,32.5434
4106,24.3509
4107,46.3727
4108,20.1073
4109,17.659
4110,17.8602
4111,20.5974
4112,32.5085
4113,10.4886
4114,17.7431
4115,11.0166
4116,7.2258
4117,19.1569
4118,14.4803
4119,37.7969
4120,23.7591
4121,14.362
4122,8.69844
4123,9.5821
4124,28.1932
4125,47.1302
4126,29.8644
4127,21.1797
4128,39.7496
4129,23.6042
4130,35.1828
4131,34.3211
4132,17.8981
4133,0.2
4134,16.4173
4135,33.1465
4136,43.0415
4137,22.024
4138,33.9774
4139,29.6379
4140,31.5572
4141,17.6209
4142,15.6489
4143,15.9247
4144,18.5512
4145,54.9654
4146,36.4726
4147,23.6091
4148,18.9087
4149,10.3924
4150,18.2245
4151,32.5932
4152,23.2407
4153,24.2151
4154,23.7691
4155,26.4705
4156,26.5461
4157,22.0921
4158,33.6294
4159,29.4504
4160,32.0987
4161,12.9217
4162,22.2689
4163,29.8283
4164,44.2648
4165,38.4413
4166,21.3852
4167,53.3884
4168,28.3847
4169,12.1862
4170,27.3307
4171,20.4759
4172,25.4707
4173,11.4122
4174,19.0821
4175,11.1017
4176,32.9226
4177,15.6837
4178,8.22502
4179,28.5988
4180,27.7109
4181,25.5687
4182,22.7536
4183,24.2947
4184,47.2503
4185,14.9725
4186,42.2493
4187,18.4872
4188,31.429
4189,18.8296
4190,23.9503
4191,16.6085
4192,39.5564
4193,38.3827
4194,33.9985
4195,19.2172
4196,39.6284
4197,26.4605
4198,10.2421
4199,45.5443
4200,26.0996
4201,24.5624
4202,14.4423
4203,23.6154
4204,25.3905
4205,12.7792
4206,13.1402
4207,19.4423
4208,11.7698
4209,17.5978
4210,24.9807
4211,24.5056
4212,38.8764
4213,35.7291
4214,25.4136
4215,16.6783
4216,23.582
4217,22.2269
4218,46.0952
4219,28.7871
4220,22.7946
4221,17.6947
4222,18.2503
4223,17.2997
4224,26.5225
4225,25.5376
4226,20.2148
4227,21.1187
4228,32.4685
4229,65.9664
4230,32.4387
4231,12.9114
4232,13.489
4233,25.0206
4234,32.7641
4235,24.8916
4236,35.2457
4237,20.6334
4238,20.5932
4239,17.1417
4240,16.1502
4241,17.9505
4242,73.5208
4243,25.5384
4244,49.5327
4245,37.2637
4246,34.4421
4247,44.7988
4248,48.4544
4249,20.0417
4250,21.0136
4251,14.038
4252,26.1414
4253,14.7667
4254,28.592
4255,16.017
4256,25.3686
4257,34.9589
4258,37.0573
4259,22.3522
4260,23.7202
4261,36.2157
4262,14.0267
4263,17.3992
4264,29.3503
4265,14.2699
4266,19.1023
4267,18.7061
4268,10.6122
4269,19.175
4270,14.6905
4271,48.4752
4272,47.9364
4273,36.6337
4274,47.6681
4275,10.4158
4276,19.3998
4277,37.4014
4278,16.9377
4279,18.1017
4280,14.6922
4281,21.8905
4282,16.235
4283,8.97718
4284,26.3114
4285,11.493
4286,41.9836
4287,13.6097
4288,29.1852
4289,35.5472
4290,38.0663
4291,25.9918
4292,50.7376
4293,14.1894
4294,14.4786
4295,27.2152
4296,25.6497
4297,18.2482
4298,16.2448
4299,32.8729
4300,33.0683
4301,32.3572
4302,39.7162
4303,42.7197
4304,29.3207
4305,26.9533
4306,18.7798
4307,23.1685
4308,12.4678
4309,19.8827
4310,20.9836
4311,37.3769
4312,26.0411
4313,16.2531
4314,19.5012
4315,14.7482
4316,20.9563
4317,20.126
4318,23.9204
4319,12.5801
4320,11.8846
4321,24.2141
4322,32.5396
4323,32.7084
4324,31.4885
4325,35.8161
4326,16.3274
4327,8.26433
4328,48.7607
4329,29.568
4330,48.5233
4331,20.2582
4332,19.1858
4333,19.5485
4334,19.0652
4335,11.5104
4336,38.0069
4337,43.2798
4338,24.8549
4339,16.3332
4340,16.4126
4341,18.9572
4342,14.5361
4343,12.2282
4344,20.4775
4345,16.8947
4346,11.1824
4347,31.5245
4348,17.0724
4349,41.7013
4350,33.0584
4351,33.7146
4352,18.648
4353,27.566
4354,31.4862
4355,16.3741
4356,20.8161
4357,22.6239
4358,10.5415
4359,24.5394
4360,17.8719
4361,14.9291
4362,18.5854
4363,28.3015
4364,18.2453
4365,18.8625
4366,33.5415
4367,22.3136
4368,33.0715
4369,17.6547
4370,16.74
4371,28.3921
4372,16.9112
4373,20.185
4374,16.66
4375,20.8068
4376,13.1531
4377,18.859
4378,14.4521
4379,35.9566
4380,15.1305
4381,22.7644
4382,29.3151
4383,33.9326
4384,11.4395
4385,11.1603
4386,10.591
4387,24.8423
4388,10.324
4389,25.1331
4390,11.0616
4391,38.9316
4392,42.6526
4393,18.3528
4394,26.3851
4395,8.69357
4396,41.8983
4397,22.4688
4398,33.8978
4399,30.2661
4400,19.3286
4401,23.8902
4402,29.1712
4403,31.2363
4404,19.2929
4405,40.6712
4406,41.9495
4407,18.6835
4408,14.9374
4409,16.3556
4410,44.2469
4411,11.5484
4412,25.5314
4413,16.8927
4414,17.1362
4415,14.257
4416,9.92358
4417,8.90629
4418,11.7514
4419,30.6436
4420,45.8028
4421,16.8333
4422,16.9597
4423,37.4511
4424,24.661
4425,32.3446
4426,12.2493
4427,24.7793
4428,31.2745
4429,62.6592
4430,18.2094
4431,23.5678
4432,33.0436
4433,26.2891
4434,29.8984
4435,29.5445
4436,27.6842
4437,41.1915
4438,43.8629
4439,13.2517
4440,20.2731
4441,15.5421
4442,34.1388
4443,22.5012
4444,16.1208
4445,24.5745
4446,13.9892
4447,22.9001
4448,26.609
4449,18.0418
4450,25.4357
4451,16.8493
4452,21.8337
4453,16.0005
4454,25.3414
4455,24.2287
4456,11.4897
4457,20.0818
4458,12.2941
4459,24.0551
4460,14.5166
4461,14.3021
4462,16.487
4463,25.175
4464,29.5011
4465,33.3583
4466,38.6497
4467,15.1515
4468,13.0021
4469,28.7519
4470,14.4823
4471,19.7586
4472,9.79748
4473,34.9538
4474,10.1669
4475,16.7324
4476,24.3849
4477,16.4575
4478,28.9863
4479,25.3268
4480,25.935
4481,20.8567
4482,28.923
4483,23.1474
4484,26.3324
4485,46.0667
4486,23.133
4487,28.741
4488,20.3338
4489,16.387
4490,14.4188
4491,38.4554
4492,24.4315
4493,15.0304
4494,31.5323
4495,24.6417
4496,17.9802
4497,23.2652
4498,28.2044
4499,45.8714
4500,52.6815
4501,22.7776
4502,19.1772
4503,12.5973
4504,11.787
4505,30.5855
4506,35.5851
4507,41.1604
4508,29.895
4509,11.7983
4510,17.7882
4511,11.7098
4512,11.7276
4513,12.9517
4514,15.2888
4515,25.6414
4516,24.8925
4517,20.8064
4518,7.56609
4519,14.7186
4520,16.0389
4521,21.1474
4522,15.4076
4523,28.609
4524,43.8172
4525,54.1771
4526,37.2798
4527,34.4096
4528,39.3073
4529,15.8548
4530,14.517
4531,15.7235
4532,23.3201
4533,25.8052
4534,31.191
4535,27.354
4536,15.2202
4537,26.9124
4538,28.8371
4539,28.9811
4540,22.4008
4541,26.0841
4542,24.3002
4543,28.1632
4544,19.4688
4545,15.8605
4546,23.8763
4547,30.9376
4548,26.3459
4549,53.4307
4550,22.1113
4551,16.1096
4552,24.265
4553,28.0406
4554,38.6433
4555,9.98397
4556,49.7839
4557,46.1723
4558,11.4862
4559,16.7874
4560,9.92557
4561,13.1407
4562,13.4202
4563,16.6731
4564,19.7515
4565,17.4236
4566,17.1427
4567,31.0683
4568,22.3756
4569,40.2998
4570,18.4506
4571,16.3714
4572,21.5571
4573,22.2836
4574,23.6472
4575,33.9435
4576,20.0071
4577,26.9984
4578,21.0246
4579,22.2096
4580,35.7401
4581,33.0278
4582,19.3864
4583,15.5847
4584,25.3379
4585,41.112
4586,19.4408
4587,24.6207
4588,22.568
4589,26.8614
4590,11.4344
4591,16.4695
4592,22.2297
4593,27.6951
4594,18.6236
4595,46.7923
4596,9.18295
4597,23.4966
4598,24.7123
4599,18.0712
4600,21.3854
4601,22.2196
4602,14.7947
4603,26.3753
4604,18.9464
4605,25.2504
4606,32.7109
4607,36.3621
4608,32.9796
4609,24.7397
4610,26.0782
4611,25.2265
4612,31.2234
4613,16.7528
4614,22.9572
4615,53.125
4616,12.1134
4617,32.4718
4618,10.2066
4619,21.1528
4620,16.3452
4621,16.2286
4622,51.6627
4623,56.1208
4624,37.9601
4625,39.8129
4626,15.8032
4627,10.8538
4628,27.9028
4629,17.7822
4630,20.6176
4631,21.8688
4632,17.0654
4633,19.1797
4634,19.907
4635,20.9952
4636,30.2001
4637,22.2114
4638,51.0775
4639,20.354
4640,25.0548
4641,16.7
4642,13.3927
4643,27.8622
4644,29.0097
4645,38.8326
4646,31.147
4647,16.1815
4648,19.3287
4649,15.7832
4650,21.546
4651,46.5531
4652,21.8187
4653,32.9665
4654,29.7897
4655,18.0563
4656,13.8096
4657,22.2369
4658,27.0614
4659,35.1403
4660,35.7873
4661,18.4542
4662,19.6697
4663,21.3575
4664,13.5565
4665,40.4918
4666,21.5513
4667,13.6624
4668,11.0602
4669,27.8367
4670,26.7713
4671,53.8532
4672,32.9355
4673,23.1328
4674,22.6983
4675,26.8428
4676,36.6455
4677,35.6863
4678,10.6666
4679,38.0163
4680,31.0862
4681,24.8458
4682,18.2471
4683,15.9109
4684,17.9865
4685,23.1939
4686,16.4413
4687,17.728
4688,20.2773
4689,34.85
4690,28.82
4691,11.4685
4692,21.7354
4693,24.3801
4694,13.4209
4695,26.9114
4696,14.7505
4697,16.3231
4698,19.2026
4699,21.7535
4700,40.7902
4701,44.2804
4702,15.7243
4703,16.2924
4704,9.26609
4705,14.6113
4706,63.9238
4707,56.628
4708,51.4396
4709,11.3898
4710,9.25531
4711,37.4235
4712,20.4774
4713,25.7639
4714,40.4712
4715,31.4966
4716,53.26
4717,48.9504
4718,16.2903
4719,19.6414
4720,12.6029
4721,30.808
4722,24.3061
4723,9.75258
4724,26.9514
4725,24.9329
4726,38.0533
4727,27.5464
4728,23.789
4729,45.0947
4730,11.2687
4731,10.823
4732,17.0732
4733,19.6359
4734,9.26984
4735,45.9191
4736,13.5007
4737,12.7803
4738,23.0202
4739,21.7002
4740,19.568
4741,38.5485
4742,14.5142
4743,19.9831
4744,23.361
4745,0.2
4746,20.1631
4747,28.5736
4748,24.0507
4749,16.4289
4750,26.5926
4751,19.625
4752,15.8643
4753,37.3078
4754,10.1778
4755,11.5416
4756,28.6992
4757,14.3583
4758,17.3852
4759,31.6863
4760,17.8925
4761,19.6215
4762,12.149
4763,16.5015
4764,20.1273
4765,33.0764
4766,30.0445
4767,30.6363
4768,36.7805
4769,27.0375
4770,15.5617
4771,19.7871
4772,8.91761
4773,19.3075
4774,14.1597
4775,29.2541
4776,23.7226
4777,26.1185
4778,31.5092
4779,19.5835
4780,17.8552
4781,24.0263
4782,26.03
4783,35.4442
4784,15.5304
4785,15.9251
4786,14.5905
4787,7.92316
4788,40.9182
4789,30.263
4790,15.3071
4791,22.5631
4792,28.1478
4793,37.7438
4794,34.6691
4795,48.7159
4796,51.3044
4797,30.9304
4798,28.6875
4799,26.2841
4800,24.1134
4801,26.7267
4802,20.189
4803,21.8315
4804,20.5586
4805,15.0801
4806,19.4873
4807,25.644
4808,17.1625
4809,19.2374
4810,26.7158
4811,11.2338
4812,34.7641
4813,26.6612
4814,40.2682
4815,19.4866
4816,16.2075
4817,17.4593
4818,17.5936
4819,25.8386
4820,22.8385
4821,29.1464
4822,26.704
4823,20.8445
4824,26.3657
4825,33.1594
4826,16.9433
4827,28.6221
4828,20.6464
4829,15.831
4830,20.3659
4831,16.5616
4832,20.8304
4833,27.8474
4834,13.6404
4835,34.017
4836,31.8389
4837,46.5927
4838,19.6474
4839,25.1117
4840,25.3842
4841,11.5802
4842,20.5975
4843,31.4307
4844,13.6987
4845,42.94
4846,23.5409
4847,20.9216
4848,18.3172
4849,15.6567
4850,22.7964
4851,54.2269
4852,66.1386
4853,22.2502
4854,34.2104
4855,20.3112
4856,15.5873
4857,41.8894
4858,15.8392
4859,24.1496
4860,24.8063
4861,17.8139
4862,24.6503
4863,20.6247
4864,27.9188
4865,61.1017
4866,31.6999
4867,15.9553
4868,25.4389
4869,21.5435
4870,16.4428
4871,19.9799
4872,19.8091
4873,27.4395
4874,22.1917
4875,13.724
4876,14.2444
4877,20.944
4878,16.9369
4879,24.1903
4880,18.5652
4881,37.737
4882,12.5613
4883,14.2349
4884,21.0796
4885,19.7669
4886,27.5772
4887,15.639
4888,22.4555
4889,13.365
4890,33.7237
4891,21.3492
4892,15.3034
4893,27.828
4894,12.2765
4895,13.2508
4896,22.6175
4897,30.3855
4898,7.78606
4899,45.8132
4900,47.0016
4901,27.7078
4902,10.2448
4903,20.5904
4904,18.5166
4905,20.1861
4906,25.3501
4907,28.565
4908,18.245
4909,17.342
4910,13.6875
4911,6.33301
4912,32.7032
4913,12.9046
4914,12.3998
4915,27.5344
4916,46.7084
4917,39.0017
4918,14.8004
4919,18.8477
4920,23.0612
4921,32.2485
4922,40.7245
4923,33.3677
4924,13.5098
4925,22.7298
4926,28.9
4927,19.0741
4928,15.5684
4929,23.5947
4930,13.4035
4931,16.5048
4932,23.0401
4933,18.7567
4934,11.7316
4935,22.0532
4936,14.9178
4937,15.8913
4938,13.014
4939,24.4163
4940,19.2752
4941,18.6658
4942,14.103
4943,11.4013
4944,26.7995
4945,11.1895
4946,24.7394
4947,20.7633
4948,26.2275
4949,18.8804
4950,33.2602
4951,24.6843
4952,31.7584
4953,10.4192
4954,62.7567
4955,36.2509
4956,57.5376
4957,31.1083
4958,19.2023
4959,15.753
4960,26.9
4961,26.9791
4962,41.8369
4963,17.3752
4964,16.7298
4965,10.5375
4966,16.2182
4967,11.6741
4968,30.0781
4969,34.7653
4970,16.8834
4971,33.3239
4972,31.839
4973,25.6807
4974,20.8792
4975,28.9939
4976,20.3093
4977,25.8886
4978,17.3613
4979,15.0088
4980,16.8022
4981,26.2462
4982,21.4829
4983,18.5839
4984,19.8833
4985,23.5298
4986,20.8009
4987,16.5658
4988,29.115
4989,25.2408
4990,17.6586
4991,18.1211
4992,18.7859
4993,14.8875
4994,21.3084
4995,25.7258
4996,15.5053
4997,21.7197
4998,43.7529
4999,16.7887
5000,14.86
5001,18.8768
5002,25.2108
5003,25.0226
5004,18.4279
5005,22.8032
